"../../../Engine/Plugins/Animation/ACLPlugin/Content/ACLAnimCurveCompressionSettings.uasset" 0
"../../../Engine/Plugins/Animation/ACLPlugin/Content/ACLAnimCurveCompressionSettings.uexp" 1
"../../../Engine/Plugins/Animation/ACLPlugin/Content/ACLAnimBoneCompressionSettings.uasset" 2
"../../../Engine/Plugins/Animation/ACLPlugin/Content/ACLAnimBoneCompressionSettings.uexp" 3
"../../../Engine/Plugins/2D/Paper2D/Content/PlaceholderTextures/DummySpriteTexture.ubulk" 4
"../../../Engine/Plugins/2D/Paper2D/Content/PlaceholderTextures/DummySpriteTexture.uasset" 5
"../../../Engine/Plugins/2D/Paper2D/Content/PlaceholderTextures/DummySpriteTexture.uexp" 6
"../../../Engine/Plugins/2D/Paper2D/Content/DummySprite.uasset" 7
"../../../Engine/Plugins/2D/Paper2D/Content/DummySprite.uexp" 8
"../../../Engine/Plugins/2D/Paper2D/Content/DefaultPaperTerrainMaterial.uasset" 9
"../../../Engine/Plugins/2D/Paper2D/Content/DefaultPaperTerrainMaterial.uexp" 10
"../../../Engine/Plugins/Animation/ControlRig/Content/Controls/DefaultGizmoLibraryNormalized.uasset" 11
"../../../Engine/Plugins/Animation/ControlRig/Content/Controls/DefaultGizmoLibraryNormalized.uexp" 12
"../../../Engine/Content/EngineSounds/Master.uasset" 13
"../../../Engine/Content/EngineSounds/Master.uexp" 14
"../../../Engine/Content/EngineMaterials/DefaultPhysicalMaterial.uasset" 15
"../../../Engine/Content/EngineMaterials/DefaultPhysicalMaterial.uexp" 16
"../../../Engine/Content/EngineMaterials/DefaultDestructiblePhysicalMaterial.uasset" 17
"../../../Engine/Content/EngineMaterials/DefaultDestructiblePhysicalMaterial.uexp" 18
"../../../Engine/Content/Animation/DefaultVariableFrameStrippingSettings.uasset" 19
"../../../Engine/Content/Animation/DefaultVariableFrameStrippingSettings.uexp" 20
"../../../Engine/Content/Animation/DefaultRecorderBoneCompression.uasset" 21
"../../../Engine/Content/Animation/DefaultRecorderBoneCompression.uexp" 22
"../../../Engine/Content/EditorResources/S_Actor.ubulk" 23
"../../../Engine/Content/EditorResources/S_Actor.uasset" 24
"../../../Engine/Content/EditorResources/S_Actor.uexp" 25
"../../../Engine/Plugins/Runtime/AudioWidgets/Content/Resources/ScrubHandleDown_Clamped.uasset" 26
"../../../Engine/Plugins/Runtime/AudioWidgets/Content/Resources/ScrubHandleDown_Clamped.uexp" 27
"../../../Engine/Content/EngineResources/GradientTexture0.uasset" 28
"../../../Engine/Content/EngineResources/GradientTexture0.uexp" 29
"../../../Engine/Content/EngineResources/Black.uasset" 30
"../../../Engine/Content/EngineResources/Black.uexp" 31
"../../../Engine/Content/EngineMaterials/PreintegratedSkinBRDF.uasset" 32
"../../../Engine/Content/EngineMaterials/PreintegratedSkinBRDF.uexp" 33
"../../../Engine/Content/EngineMaterials/MiniFont.uasset" 34
"../../../Engine/Content/EngineMaterials/MiniFont.uexp" 35
"../../../Engine/Content/EngineMaterials/FastBlueNoise_vec2_128x128x64.uasset" 36
"../../../Engine/Content/EngineMaterials/FastBlueNoise_vec2_128x128x64.uexp" 37
"../../../Engine/Content/EngineMaterials/FastBlueNoise_scalar_128x128x64.uasset" 38
"../../../Engine/Content/EngineMaterials/FastBlueNoise_scalar_128x128x64.uexp" 39
"../../../Engine/Content/EngineMaterials/DefaultWhiteGrid.ubulk" 40
"../../../Engine/Content/EngineMaterials/DefaultWhiteGrid.uasset" 41
"../../../Engine/Content/EngineMaterials/DefaultWhiteGrid.uexp" 42
"../../../Engine/Content/EngineMaterials/DefaultBokeh.uasset" 43
"../../../Engine/Content/EngineMaterials/DefaultBokeh.uexp" 44
"../../../Engine/Content/EngineMaterials/DefaultBloomKernel.uasset" 45
"../../../Engine/Content/EngineMaterials/DefaultBloomKernel.uexp" 46
"../../../Engine/Content/EngineDamageTypes/DmgTypeBP_Environmental.uasset" 47
"../../../Engine/Content/EngineDamageTypes/DmgTypeBP_Environmental.uexp" 48
"../../../Engine/Content/EditorResources/S_TriggerSphere.uasset" 49
"../../../Engine/Content/EditorResources/S_TriggerSphere.uexp" 50
"../../../Engine/Content/EditorResources/S_TriggerCapsule.uasset" 51
"../../../Engine/Content/EditorResources/S_TriggerCapsule.uexp" 52
"../../../Engine/Content/EditorResources/S_TriggerBox.uasset" 53
"../../../Engine/Content/EditorResources/S_TriggerBox.uexp" 54
"../../../Engine/Content/EditorResources/S_Trigger.ubulk" 55
"../../../Engine/Content/EditorResources/S_Trigger.uasset" 56
"../../../Engine/Content/EditorResources/S_Trigger.uexp" 57
"../../../Engine/Content/EditorResources/S_Terrain.ubulk" 58
"../../../Engine/Content/EditorResources/S_Terrain.uasset" 59
"../../../Engine/Content/EditorResources/S_Terrain.uexp" 60
"../../../Engine/Content/EditorResources/S_Solver.ubulk" 61
"../../../Engine/Content/EditorResources/S_Solver.uasset" 62
"../../../Engine/Content/EditorResources/S_Solver.uexp" 63
"../../../Engine/Content/EditorResources/S_BoxReflectionCapture.uasset" 64
"../../../Engine/Content/EditorResources/S_BoxReflectionCapture.uexp" 65
"../../../Engine/Content/EditorResources/EmptyActor.uasset" 66
"../../../Engine/Content/EditorResources/EmptyActor.uexp" 67
"../../../Engine/Content/EditorResources/BSPVertex.uasset" 68
"../../../Engine/Content/EditorResources/BSPVertex.uexp" 69
"../../../Engine/Content/EditorLandscapeResources/DefaultAlphaTexture.uasset" 70
"../../../Engine/Content/EditorLandscapeResources/DefaultAlphaTexture.uexp" 71
"../../../Engine/Content/EngineResources/FilmGrains/Marcie_Grain_v3_128_M2_000.uasset" 72
"../../../Engine/Content/EngineResources/FilmGrains/Marcie_Grain_v3_128_M2_000.uexp" 73
"../../../Engine/Content/EngineMaterials/LTC/Sheen_LTC.uasset" 74
"../../../Engine/Content/EngineMaterials/LTC/Sheen_LTC.uexp" 75
"../../../Engine/Content/EngineMaterials/LTC/GGX_LTCMat.uasset" 76
"../../../Engine/Content/EngineMaterials/LTC/GGX_LTCMat.uexp" 77
"../../../Engine/Content/EngineMaterials/LTC/GGX_LTCAmp.uasset" 78
"../../../Engine/Content/EngineMaterials/LTC/GGX_LTCAmp.uexp" 79
"../../../Engine/Content/EngineMaterials/EnergyConservation/Sheen_Energy.uasset" 80
"../../../Engine/Content/EngineMaterials/EnergyConservation/Sheen_Energy.uexp" 81
"../../../Engine/Content/EngineMaterials/EnergyConservation/SheenLegacy_Energy.uasset" 82
"../../../Engine/Content/EngineMaterials/EnergyConservation/SheenLegacy_Energy.uexp" 83
"../../../Engine/Content/EngineMaterials/EnergyConservation/GGX_TransmissionEnergyArray.uasset" 84
"../../../Engine/Content/EngineMaterials/EnergyConservation/GGX_TransmissionEnergyArray.uexp" 85
"../../../Engine/Content/EngineMaterials/EnergyConservation/GGX_ReflectionEnergy.uasset" 86
"../../../Engine/Content/EngineMaterials/EnergyConservation/GGX_ReflectionEnergy.uexp" 87
"../../../Engine/Content/EngineMaterials/EnergyConservation/Diffuse_Energy.uasset" 88
"../../../Engine/Content/EngineMaterials/EnergyConservation/Diffuse_Energy.uexp" 89
"../../../Engine/Content/EditorResources/SequenceRecorder/RecordingIndicator.uasset" 90
"../../../Engine/Content/EditorResources/SequenceRecorder/RecordingIndicator.uexp" 91
"../../../Engine/Content/EditorResources/SequenceRecorder/Countdown.uasset" 92
"../../../Engine/Content/EditorResources/SequenceRecorder/Countdown.uexp" 93
"../../../Engine/Content/EditorMaterials/ParticleSystems/PSysThumbnail_OOD.ubulk" 94
"../../../Engine/Content/EditorMaterials/ParticleSystems/PSysThumbnail_OOD.uasset" 95
"../../../Engine/Content/EditorMaterials/ParticleSystems/PSysThumbnail_OOD.uexp" 96
"../../../Engine/Content/EditorMaterials/ParticleSystems/PSysThumbnail_NoImage.ubulk" 97
"../../../Engine/Content/EditorMaterials/ParticleSystems/PSysThumbnail_NoImage.uasset" 98
"../../../Engine/Content/EditorMaterials/ParticleSystems/PSysThumbnail_NoImage.uexp" 99
"../../../Engine/Content/EngineResources/DefaultTextureCube.uasset" 100
"../../../Engine/Content/EngineResources/DefaultTextureCube.uexp" 101
"../../../Engine/Content/EngineResources/DefaultVolumeTexture2D.uasset" 102
"../../../Engine/Content/EngineResources/DefaultVolumeTexture2D.uexp" 103
"../../../Engine/Content/EngineResources/DefaultVolumeTexture.uasset" 104
"../../../Engine/Content/EngineResources/DefaultVolumeTexture.uexp" 105
"../../../Engine/Plugins/Runtime/AR/ARUtilities/Content/Materials/DummyExternalTexture.uasset" 106
"../../../Engine/Plugins/Runtime/AR/ARUtilities/Content/Materials/DummyExternalTexture.uexp" 107
"../../../Engine/Content/EngineResources/DefaultTexture.ubulk" 108
"../../../Engine/Content/EngineResources/DefaultTexture.uasset" 109
"../../../Engine/Content/EngineResources/DefaultTexture.uexp" 110
"../../../Engine/Plugins/Runtime/AR/Google/GoogleARCore/Content/M_SceneDepthOcclusion.uasset" 111
"../../../Engine/Plugins/Runtime/AR/Google/GoogleARCore/Content/M_SceneDepthOcclusion.uexp" 112
"../../../Engine/Content/Functions/Engine_MaterialFunctions02/WorldPositionOffset/CameraOffset.uasset" 113
"../../../Engine/Content/Functions/Engine_MaterialFunctions02/WorldPositionOffset/CameraOffset.uexp" 114
"../../../Engine/Plugins/Animation/ControlRig/Content/M_Manip.uasset" 115
"../../../Engine/Plugins/Animation/ControlRig/Content/M_Manip.uexp" 116
"../../../Engine/Plugins/Runtime/MeshModelingToolset/Content/Materials/M_DynamicMeshComponentVtxColor.uasset" 117
"../../../Engine/Plugins/Runtime/MeshModelingToolset/Content/Materials/M_DynamicMeshComponentVtxColor.uexp" 118
"../../../Engine/Plugins/Runtime/HairStrands/Content/Materials/HairMeshesDefaultMaterial.uasset" 119
"../../../Engine/Plugins/Runtime/HairStrands/Content/Materials/HairMeshesDefaultMaterial.uexp" 120
"../../../Engine/Plugins/Runtime/HairStrands/Content/Materials/HairDefaultMaterial.uasset" 121
"../../../Engine/Plugins/Runtime/HairStrands/Content/Materials/HairDefaultMaterial.uexp" 122
"../../../Engine/Plugins/Runtime/HairStrands/Content/Materials/HairGroupColors.uasset" 123
"../../../Engine/Plugins/Runtime/HairStrands/Content/Materials/HairGroupColors.uexp" 124
"../../../Engine/Content/Functions/Engine_MaterialFunctions02/Utility/MakeFloat2.uasset" 125
"../../../Engine/Content/Functions/Engine_MaterialFunctions02/Utility/MakeFloat2.uexp" 126
"../../../Engine/Content/Functions/Engine_MaterialFunctions02/Utility/MakeFloat3.uasset" 127
"../../../Engine/Content/Functions/Engine_MaterialFunctions02/Utility/MakeFloat3.uexp" 128
"../../../Engine/Content/EngineMaterials/HairColorMap.uasset" 129
"../../../Engine/Content/EngineMaterials/HairColorMap.uexp" 130
"../../../Engine/Content/EngineMaterials/HairDebugColor.uasset" 131
"../../../Engine/Content/EngineMaterials/HairDebugColor.uexp" 132
"../../../Engine/Plugins/Runtime/HairStrands/Content/Materials/HairDebugMaterial.uasset" 133
"../../../Engine/Plugins/Runtime/HairStrands/Content/Materials/HairDebugMaterial.uexp" 134
"../../../Engine/Plugins/Runtime/HairStrands/Content/Materials/HairCardsDefaultMaterial.uasset" 135
"../../../Engine/Plugins/Runtime/HairStrands/Content/Materials/HairCardsDefaultMaterial.uexp" 136
"../../../Engine/Plugins/Runtime/AR/ARUtilities/Content/Materials/MF_DistanceColorLerp.uasset" 137
"../../../Engine/Plugins/Runtime/AR/ARUtilities/Content/Materials/MF_DistanceColorLerp.uexp" 138
"../../../Engine/Plugins/Runtime/AR/ARUtilities/Content/Materials/M_DepthColoration.uasset" 139
"../../../Engine/Plugins/Runtime/AR/ARUtilities/Content/Materials/M_DepthColoration.uexp" 140
"../../../Engine/Plugins/Interchange/Assets/Content/Functions/MX_UsdPreviewSurface.uasset" 141
"../../../Engine/Plugins/Interchange/Assets/Content/Functions/MX_UsdPreviewSurface.uexp" 142
"../../../Engine/Plugins/Interchange/Assets/Content/Functions/MX_UniformEDF.uasset" 143
"../../../Engine/Plugins/Interchange/Assets/Content/Functions/MX_UniformEDF.uexp" 144
"../../../Engine/Plugins/Interchange/Assets/Content/Functions/MX_TranslucentBSDF.uasset" 145
"../../../Engine/Plugins/Interchange/Assets/Content/Functions/MX_TranslucentBSDF.uexp" 146
"../../../Engine/Plugins/Interchange/Assets/Content/Functions/MX_ThinFilmBSDF.uasset" 147
"../../../Engine/Plugins/Interchange/Assets/Content/Functions/MX_ThinFilmBSDF.uexp" 148
"../../../Engine/Plugins/Interchange/Assets/Content/Functions/MX_SurfaceUnlit.uasset" 149
"../../../Engine/Plugins/Interchange/Assets/Content/Functions/MX_SurfaceUnlit.uexp" 150
"../../../Engine/Plugins/Interchange/Assets/Content/Functions/MX_Surface.uasset" 151
"../../../Engine/Plugins/Interchange/Assets/Content/Functions/MX_Surface.uexp" 152
"../../../Engine/Plugins/Interchange/Assets/Content/Functions/MX_SubsurfaceBSDF.uasset" 153
"../../../Engine/Plugins/Interchange/Assets/Content/Functions/MX_SubsurfaceBSDF.uexp" 154
"../../../Engine/Plugins/Interchange/Assets/Content/Functions/MX_SheenBSDF.uasset" 155
"../../../Engine/Plugins/Interchange/Assets/Content/Functions/MX_SheenBSDF.uexp" 156
"../../../Engine/Plugins/Interchange/Assets/Content/Functions/MX_OrenNayarBSDF.uasset" 157
"../../../Engine/Plugins/Interchange/Assets/Content/Functions/MX_OrenNayarBSDF.uexp" 158
"../../../Engine/Plugins/Interchange/Assets/Content/Utilities/New_LUT.uasset" 159
"../../../Engine/Plugins/Interchange/Assets/Content/Utilities/New_LUT.uexp" 160
"../../../Engine/Content/Functions/Engine_MaterialFunctions03/Math/RemapValueRange.uasset" 161
"../../../Engine/Content/Functions/Engine_MaterialFunctions03/Math/RemapValueRange.uexp" 162
"../../../Engine/Plugins/Interchange/Assets/Content/Functions/MF_Iridescence.uasset" 163
"../../../Engine/Plugins/Interchange/Assets/Content/Functions/MF_Iridescence.uexp" 164
"../../../Engine/Plugins/Interchange/Assets/Content/Functions/MX_StandardSurface.uasset" 165
"../../../Engine/Plugins/Interchange/Assets/Content/Functions/MX_StandardSurface.uexp" 166
"../../../Engine/Plugins/Interchange/Assets/Content/Functions/MX_TransmissionSurface.uasset" 167
"../../../Engine/Plugins/Interchange/Assets/Content/Functions/MX_TransmissionSurface.uexp" 168
"../../../Engine/Plugins/Interchange/Assets/Content/Functions/MX_OpenPBR_Translucent.uasset" 169
"../../../Engine/Plugins/Interchange/Assets/Content/Functions/MX_OpenPBR_Translucent.uexp" 170
"../../../Engine/Plugins/Interchange/Assets/Content/Functions/MX_OpenPBR_Opaque.uasset" 171
"../../../Engine/Plugins/Interchange/Assets/Content/Functions/MX_OpenPBR_Opaque.uexp" 172
"../../../Engine/Plugins/Interchange/Assets/Content/Functions/MX_MeasuredEDF.uasset" 173
"../../../Engine/Plugins/Interchange/Assets/Content/Functions/MX_MeasuredEDF.uexp" 174
"../../../Engine/Plugins/Interchange/Assets/Content/Functions/MX_GeneralizedSchlickBSDF.uasset" 175
"../../../Engine/Plugins/Interchange/Assets/Content/Functions/MX_GeneralizedSchlickBSDF.uexp" 176
"../../../Engine/Plugins/Interchange/Assets/Content/Functions/MX_DielectricBSDF.uasset" 177
"../../../Engine/Plugins/Interchange/Assets/Content/Functions/MX_DielectricBSDF.uexp" 178
"../../../Engine/Plugins/Interchange/Assets/Content/Functions/MX_ConicalEDF.uasset" 179
"../../../Engine/Plugins/Interchange/Assets/Content/Functions/MX_ConicalEDF.uexp" 180
"../../../Engine/Plugins/Interchange/Assets/Content/Functions/MX_ConductorBSDF.uasset" 181
"../../../Engine/Plugins/Interchange/Assets/Content/Functions/MX_ConductorBSDF.uexp" 182
"../../../Engine/Plugins/Interchange/Assets/Content/Functions/MX_BurleyDiffuseBSDF.uasset" 183
"../../../Engine/Plugins/Interchange/Assets/Content/Functions/MX_BurleyDiffuseBSDF.uexp" 184
"../../../Engine/Plugins/Interchange/Assets/Content/Functions/MX_AnisotropicVDF.uasset" 185
"../../../Engine/Plugins/Interchange/Assets/Content/Functions/MX_AnisotropicVDF.uexp" 186
"../../../Engine/Plugins/Interchange/Assets/Content/Functions/MX_AbsorptionVDF.uasset" 187
"../../../Engine/Plugins/Interchange/Assets/Content/Functions/MX_AbsorptionVDF.uexp" 188
"../../../Engine/Plugins/Editor/SpeedTreeImporter/Content/SpeedTree9/game_wind_noise.ubulk" 189
"../../../Engine/Plugins/Editor/SpeedTreeImporter/Content/SpeedTree9/game_wind_noise.uasset" 190
"../../../Engine/Plugins/Editor/SpeedTreeImporter/Content/SpeedTree9/game_wind_noise.uexp" 191
"../../../Engine/Plugins/Editor/SpeedTreeImporter/Content/SpeedTree9/UnpackDirection.uasset" 192
"../../../Engine/Plugins/Editor/SpeedTreeImporter/Content/SpeedTree9/UnpackDirection.uexp" 193
"../../../Engine/Content/Functions/Engine_MaterialFunctions02/ObjectLocalBounds.uasset" 194
"../../../Engine/Content/Functions/Engine_MaterialFunctions02/ObjectLocalBounds.uexp" 195
"../../../Engine/Content/Functions/Engine_MaterialFunctions02/Utility/BreakOutFloat3Components.uasset" 196
"../../../Engine/Content/Functions/Engine_MaterialFunctions02/Utility/BreakOutFloat3Components.uexp" 197
"../../../Engine/Content/Functions/Engine_MaterialFunctions02/UVs/BoundingBoxBased_0-1_UVW.uasset" 198
"../../../Engine/Content/Functions/Engine_MaterialFunctions02/UVs/BoundingBoxBased_0-1_UVW.uexp" 199
"../../../Engine/Content/Functions/Engine_MaterialFunctions02/Utility/VectorLength.uasset" 200
"../../../Engine/Content/Functions/Engine_MaterialFunctions02/Utility/VectorLength.uexp" 201
"../../../Engine/Plugins/Editor/SpeedTreeImporter/Content/SpeedTree9/UnpackInteger3.uasset" 202
"../../../Engine/Plugins/Editor/SpeedTreeImporter/Content/SpeedTree9/UnpackInteger3.uexp" 203
"../../../Engine/Plugins/Editor/SpeedTreeImporter/Content/SpeedTree9/SpeedTreeCameraFacing.uasset" 204
"../../../Engine/Plugins/Editor/SpeedTreeImporter/Content/SpeedTree9/SpeedTreeCameraFacing.uexp" 205
"../../../Engine/Content/Functions/Engine_MaterialFunctions02/WorldPositionOffset/ObjectScale.uasset" 206
"../../../Engine/Content/Functions/Engine_MaterialFunctions02/WorldPositionOffset/ObjectScale.uexp" 207
"../../../Engine/Content/Functions/Engine_MaterialFunctions02/SafeNormalize.uasset" 208
"../../../Engine/Content/Functions/Engine_MaterialFunctions02/SafeNormalize.uexp" 209
"../../../Engine/Plugins/Editor/SpeedTreeImporter/Content/SpeedTree9/SpeedTreeWindMotion.uasset" 210
"../../../Engine/Plugins/Editor/SpeedTreeImporter/Content/SpeedTree9/SpeedTreeWindMotion.uexp" 211
"../../../Engine/Plugins/Editor/SpeedTreeImporter/Content/SpeedTree9/SpeedTreeBranchMotion.uasset" 212
"../../../Engine/Plugins/Editor/SpeedTreeImporter/Content/SpeedTree9/SpeedTreeBranchMotion.uexp" 213
"../../../Engine/Plugins/Editor/SpeedTreeImporter/Content/SpeedTree9/SpeedTreeWind.uasset" 214
"../../../Engine/Plugins/Editor/SpeedTreeImporter/Content/SpeedTree9/SpeedTreeWind.uexp" 215
"../../../Engine/Plugins/Editor/SpeedTreeImporter/Content/SpeedTree9/EmptyNormal.uasset" 216
"../../../Engine/Plugins/Editor/SpeedTreeImporter/Content/SpeedTree9/EmptyNormal.uexp" 217
"../../../Engine/Plugins/Editor/SpeedTreeImporter/Content/SpeedTree9/Empty.uasset" 218
"../../../Engine/Plugins/Editor/SpeedTreeImporter/Content/SpeedTree9/Empty.uexp" 219
"../../../Engine/Plugins/Editor/SpeedTreeImporter/Content/SpeedTree9/SpeedTreeMaster.uasset" 220
"../../../Engine/Plugins/Editor/SpeedTreeImporter/Content/SpeedTree9/SpeedTreeMaster.uexp" 221
"../../../Engine/Plugins/Editor/SpeedTreeImporter/Content/SpeedTree9/SpeedTreeBillboard.uasset" 222
"../../../Engine/Plugins/Editor/SpeedTreeImporter/Content/SpeedTree9/SpeedTreeBillboard.uexp" 223
"../../../Engine/Plugins/Editor/SpeedTreeImporter/Content/SpeedTree9/SpeedTreeBillboardMaster.uasset" 224
"../../../Engine/Plugins/Editor/SpeedTreeImporter/Content/SpeedTree9/SpeedTreeBillboardMaster.uexp" 225
"../../../Engine/Plugins/Animation/ControlRig/Content/Controls/ControlRigXRayMaterial.uasset" 226
"../../../Engine/Plugins/Animation/ControlRig/Content/Controls/ControlRigXRayMaterial.uexp" 227
"../../../Engine/Plugins/Animation/ControlRig/Content/Controls/ControlRigGizmoMaterial.uasset" 228
"../../../Engine/Plugins/Animation/ControlRig/Content/Controls/ControlRigGizmoMaterial.uexp" 229
"../../../Engine/Content/EngineMaterials/RemoveSurfaceMaterial.uasset" 230
"../../../Engine/Content/EngineMaterials/RemoveSurfaceMaterial.uexp" 231
"../../../Engine/Content/EngineMaterials/DefaultCalibrationGrayscale.uasset" 232
"../../../Engine/Content/EngineMaterials/DefaultCalibrationGrayscale.uexp" 233
"../../../Engine/Content/EngineMaterials/PPM_DefaultCalibrationGrayscale.uasset" 234
"../../../Engine/Content/EngineMaterials/PPM_DefaultCalibrationGrayscale.uexp" 235
"../../../Engine/Content/EngineMaterials/DefaultCalibrationColor.uasset" 236
"../../../Engine/Content/EngineMaterials/DefaultCalibrationColor.uexp" 237
"../../../Engine/Content/EngineMaterials/PPM_DefaultCalibrationColor.uasset" 238
"../../../Engine/Content/EngineMaterials/PPM_DefaultCalibrationColor.uexp" 239
"../../../Engine/Content/EngineMaterials/PhAT_JointLimitMaterial.uasset" 240
"../../../Engine/Content/EngineMaterials/PhAT_JointLimitMaterial.uexp" 241
"../../../Engine/Content/EngineMaterials/NaniteHiddenSectionMaterial.uasset" 242
"../../../Engine/Content/EngineMaterials/NaniteHiddenSectionMaterial.uexp" 243
"../../../Engine/Content/EngineMaterials/InvalidLightmapSettings.ubulk" 244
"../../../Engine/Content/EngineMaterials/InvalidLightmapSettings.uasset" 245
"../../../Engine/Content/EngineMaterials/InvalidLightmapSettings.uexp" 246
"../../../Engine/Content/EngineMaterials/M_InvalidLightmapSettings.uasset" 247
"../../../Engine/Content/EngineMaterials/M_InvalidLightmapSettings.uexp" 248
"../../../Engine/Content/EngineMaterials/GizmoMaterial.uasset" 249
"../../../Engine/Content/EngineMaterials/GizmoMaterial.uexp" 250
"../../../Engine/Content/EngineMaterials/BaseFlattenEmissiveMap_VT.uasset" 251
"../../../Engine/Content/EngineMaterials/BaseFlattenEmissiveMap_VT.uexp" 252
"../../../Engine/Content/EngineMaterials/BaseFlattenGrayscaleMap_VT.uasset" 253
"../../../Engine/Content/EngineMaterials/BaseFlattenGrayscaleMap_VT.uexp" 254
"../../../Engine/Content/EngineMaterials/BaseFlattenLinearColor_VT.uasset" 255
"../../../Engine/Content/EngineMaterials/BaseFlattenLinearColor_VT.uexp" 256
"../../../Engine/Content/EngineMaterials/Black_1x1_EXR_Texture_VT.uasset" 257
"../../../Engine/Content/EngineMaterials/Black_1x1_EXR_Texture_VT.uexp" 258
"../../../Engine/Content/EngineMaterials/BaseFlattenDiffuseMap_VT.uasset" 259
"../../../Engine/Content/EngineMaterials/BaseFlattenDiffuseMap_VT.uexp" 260
"../../../Engine/Content/EngineMaterials/BaseFlattenNormalMap_VT.uasset" 261
"../../../Engine/Content/EngineMaterials/BaseFlattenNormalMap_VT.uexp" 262
"../../../Engine/Content/EngineMaterials/FlattenMaterial_WS_Normal_VT.uasset" 263
"../../../Engine/Content/EngineMaterials/FlattenMaterial_WS_Normal_VT.uexp" 264
"../../../Engine/Content/EngineMaterials/FlattenMaterial_VT.uasset" 265
"../../../Engine/Content/EngineMaterials/FlattenMaterial_VT.uexp" 266
"../../../Engine/Content/EngineMaterials/BaseFlattenNormalMap.uasset" 267
"../../../Engine/Content/EngineMaterials/BaseFlattenNormalMap.uexp" 268
"../../../Engine/Content/EngineMaterials/BaseFlattenGrayscaleMap.uasset" 269
"../../../Engine/Content/EngineMaterials/BaseFlattenGrayscaleMap.uexp" 270
"../../../Engine/Content/EngineMaterials/BaseFlattenDiffuseMap.uasset" 271
"../../../Engine/Content/EngineMaterials/BaseFlattenDiffuseMap.uexp" 272
"../../../Engine/Content/Functions/Engine_MaterialFunctions02/PivotPainter2/Black_1x1_EXR_Texture.uasset" 273
"../../../Engine/Content/Functions/Engine_MaterialFunctions02/PivotPainter2/Black_1x1_EXR_Texture.uexp" 274
"../../../Engine/Content/EngineMaterials/BaseFlattenEmissiveMap.uasset" 275
"../../../Engine/Content/EngineMaterials/BaseFlattenEmissiveMap.uexp" 276
"../../../Engine/Content/EngineMaterials/BaseFlattenLinearColor.uasset" 277
"../../../Engine/Content/EngineMaterials/BaseFlattenLinearColor.uexp" 278
"../../../Engine/Content/EngineMaterials/FlattenMaterial.uasset" 279
"../../../Engine/Content/EngineMaterials/FlattenMaterial.uexp" 280
"../../../Engine/Content/EngineMaterials/DefaultWhiteGrid_Low.uasset" 281
"../../../Engine/Content/EngineMaterials/DefaultWhiteGrid_Low.uexp" 282
"../../../Engine/Content/EngineMaterials/EmissiveMeshMaterial.uasset" 283
"../../../Engine/Content/EngineMaterials/EmissiveMeshMaterial.uexp" 284
"../../../Engine/Content/EngineFonts/RobotoDistanceField.uasset" 285
"../../../Engine/Content/EngineFonts/RobotoDistanceField.uexp" 286
"../../../Engine/Content/EngineMaterials/DefaultTextMaterialOpaque.uasset" 287
"../../../Engine/Content/EngineMaterials/DefaultTextMaterialOpaque.uexp" 288
"../../../Engine/Content/EngineMaterials/DefaultDiffuse.ubulk" 289
"../../../Engine/Content/EngineMaterials/DefaultDiffuse.uasset" 290
"../../../Engine/Content/EngineMaterials/DefaultDiffuse.uexp" 291
"../../../Engine/Content/Functions/Engine_MaterialFunctions02/Utility/BreakOutFloat2Components.uasset" 292
"../../../Engine/Content/Functions/Engine_MaterialFunctions02/Utility/BreakOutFloat2Components.uexp" 293
"../../../Engine/Content/EngineMaterials/DefaultPostProcessMaterial.uasset" 294
"../../../Engine/Content/EngineMaterials/DefaultPostProcessMaterial.uexp" 295
"../../../Engine/Content/EngineMaterials/DefaultLightFunctionMaterial.uasset" 296
"../../../Engine/Content/EngineMaterials/DefaultLightFunctionMaterial.uexp" 297
"../../../Engine/Content/EngineMaterials/DefaultDeferredDecalMaterial.uasset" 298
"../../../Engine/Content/EngineMaterials/DefaultDeferredDecalMaterial.uexp" 299
"../../../Engine/Content/Functions/Engine_MaterialFunctions02/Utility/CameraDirectionVector.uasset" 300
"../../../Engine/Content/Functions/Engine_MaterialFunctions02/Utility/CameraDirectionVector.uexp" 301
"../../../Engine/Content/EngineDebugMaterials/VolumeToRender.uasset" 302
"../../../Engine/Content/EngineDebugMaterials/VolumeToRender.uexp" 303
"../../../Engine/Content/EngineDebugMaterials/M_VolumeRenderSphereTracePP.uasset" 304
"../../../Engine/Content/EngineDebugMaterials/M_VolumeRenderSphereTracePP.uexp" 305
"../../../Engine/Content/EngineDebugMaterials/M_SimpleUnlitTranslucent.uasset" 306
"../../../Engine/Content/EngineDebugMaterials/M_SimpleUnlitTranslucent.uexp" 307
"../../../Engine/Content/EngineDebugMaterials/DebugMeshMaterial.uasset" 308
"../../../Engine/Content/EngineDebugMaterials/DebugMeshMaterial.uexp" 309
"../../../Engine/Content/EngineDebugMaterials/DebugEditorMaterial.uasset" 310
"../../../Engine/Content/EngineDebugMaterials/DebugEditorMaterial.uexp" 311
"../../../Engine/Content/EditorMaterials/PreviewShadowIndicator.ubulk" 312
"../../../Engine/Content/EditorMaterials/PreviewShadowIndicator.uasset" 313
"../../../Engine/Content/EditorMaterials/PreviewShadowIndicator.uexp" 314
"../../../Engine/Content/EditorMaterials/PreviewShadowIndicatorMaterial.uasset" 315
"../../../Engine/Content/EditorMaterials/PreviewShadowIndicatorMaterial.uexp" 316
"../../../Engine/Content/EditorMaterials/PhAT_UnselectedMaterial.uasset" 317
"../../../Engine/Content/EditorMaterials/PhAT_UnselectedMaterial.uexp" 318
"../../../Engine/Content/EditorMaterials/PhAT_NoCollisionMaterial.uasset" 319
"../../../Engine/Content/EditorMaterials/PhAT_NoCollisionMaterial.uexp" 320
"../../../Engine/Content/EditorMaterials/Dataflow/DataflowVertexMaterial.uasset" 321
"../../../Engine/Content/EditorMaterials/Dataflow/DataflowVertexMaterial.uexp" 322
"../../../Engine/Content/EditorMaterials/Dataflow/DataflowTwoSidedVertexMaterial.uasset" 323
"../../../Engine/Content/EditorMaterials/Dataflow/DataflowTwoSidedVertexMaterial.uexp" 324
"../../../Engine/Content/Functions/Engine_MaterialFunctions01/Shading/PowerToRoughness.uasset" 325
"../../../Engine/Content/Functions/Engine_MaterialFunctions01/Shading/PowerToRoughness.uexp" 326
"../../../Engine/Content/Functions/Engine_MaterialFunctions01/Shading/ConvertFromDiffSpec.uasset" 327
"../../../Engine/Content/Functions/Engine_MaterialFunctions01/Shading/ConvertFromDiffSpec.uexp" 328
"../../../Engine/Content/EngineMaterials/Substrate/Volume/SubstrateSimpleVolumeLUT3D.uasset" 329
"../../../Engine/Content/EngineMaterials/Substrate/Volume/SubstrateSimpleVolumeLUT3D.uexp" 330
"../../../Engine/Content/EngineMaterials/Substrate/Volume/SubstrateSimpleVolumeEnvLUT3D.uasset" 331
"../../../Engine/Content/EngineMaterials/Substrate/Volume/SubstrateSimpleVolumeEnvLUT3D.uexp" 332
"../../../Engine/Content/EngineMeshes/Sphere.ubulk" 333
"../../../Engine/Content/EngineMeshes/Sphere.uasset" 334
"../../../Engine/Content/EngineMeshes/Sphere.uexp" 335
"../../../Engine/Content/EngineMaterials/T_Default_Material_Grid_M.ubulk" 336
"../../../Engine/Content/EngineMaterials/T_Default_Material_Grid_M.uasset" 337
"../../../Engine/Content/EngineMaterials/T_Default_Material_Grid_M.uexp" 338
"../../../Engine/Content/EngineMaterials/T_Default_Material_Grid_N.ubulk" 339
"../../../Engine/Content/EngineMaterials/T_Default_Material_Grid_N.uasset" 340
"../../../Engine/Content/EngineMaterials/T_Default_Material_Grid_N.uexp" 341
"../../../Engine/Content/Functions/Engine_MaterialFunctions01/Opacity/CameraDepthFade.uasset" 342
"../../../Engine/Content/Functions/Engine_MaterialFunctions01/Opacity/CameraDepthFade.uexp" 343
"../../../Engine/Content/EngineMaterials/WorldGridMaterial.uasset" 344
"../../../Engine/Content/EngineMaterials/WorldGridMaterial.uexp" 345
"../../../Engine/Plugins/Media/MediaPlate/Content/SM_MediaPlateScreen.ubulk" 346
"../../../Engine/Plugins/Media/MediaPlate/Content/SM_MediaPlateScreen.uasset" 347
"../../../Engine/Plugins/Media/MediaPlate/Content/SM_MediaPlateScreen.uexp" 348
"../../../Engine/Plugins/2D/Paper2D/Content/DefaultSpriteMaterial.uasset" 349
"../../../Engine/Plugins/2D/Paper2D/Content/DefaultSpriteMaterial.uexp" 350
"../../../Engine/Plugins/2D/Paper2D/Content/OpaqueUnlitSpriteMaterial.uasset" 351
"../../../Engine/Plugins/2D/Paper2D/Content/OpaqueUnlitSpriteMaterial.uexp" 352
"../../../Engine/Plugins/2D/Paper2D/Content/MaskedUnlitSpriteMaterial.uasset" 353
"../../../Engine/Plugins/2D/Paper2D/Content/MaskedUnlitSpriteMaterial.uexp" 354
"../../../Engine/Content/Functions/Engine_MaterialFunctions02/Texturing/CustomRotator.uasset" 355
"../../../Engine/Content/Functions/Engine_MaterialFunctions02/Texturing/CustomRotator.uexp" 356
"../../../Engine/Content/Functions/Engine_MaterialFunctions01/Texturing/ScaleUVsByCenter.uasset" 357
"../../../Engine/Content/Functions/Engine_MaterialFunctions01/Texturing/ScaleUVsByCenter.uexp" 358
"../../../Engine/Plugins/Runtime/AudioWidgets/Content/AudioMaterialSlate/Functions/MF_SingleLine_Smooth.uasset" 359
"../../../Engine/Plugins/Runtime/AudioWidgets/Content/AudioMaterialSlate/Functions/MF_SingleLine_Smooth.uexp" 360
"../../../Engine/Plugins/Runtime/AudioWidgets/Content/AudioMaterialSlate/Functions/MF_AngleGradient.uasset" 361
"../../../Engine/Plugins/Runtime/AudioWidgets/Content/AudioMaterialSlate/Functions/MF_AngleGradient.uexp" 362
"../../../Engine/Plugins/Runtime/AudioWidgets/Content/AudioMaterialSlate/Functions/MF_SingleLine.uasset" 363
"../../../Engine/Plugins/Runtime/AudioWidgets/Content/AudioMaterialSlate/Functions/MF_SingleLine.uexp" 364
"../../../Engine/Content/Functions/Engine_MaterialFunctions01/Gradient/SphereGradient-2D.uasset" 365
"../../../Engine/Content/Functions/Engine_MaterialFunctions01/Gradient/SphereGradient-2D.uexp" 366
"../../../Engine/Plugins/Runtime/AudioWidgets/Content/AudioMaterialSlate/M_AudioMaterialToggleButton.uasset" 367
"../../../Engine/Plugins/Runtime/AudioWidgets/Content/AudioMaterialSlate/M_AudioMaterialToggleButton.uexp" 368
"../../../Engine/Plugins/Runtime/AudioWidgets/Content/AudioMaterialSlate/MI_AudioMaterialToggleButton.uasset" 369
"../../../Engine/Plugins/Runtime/AudioWidgets/Content/AudioMaterialSlate/MI_AudioMaterialToggleButton.uexp" 370
"../../../Engine/Content/Functions/Engine_MaterialFunctions01/Gradient/GeneratedRoundRect.uasset" 371
"../../../Engine/Content/Functions/Engine_MaterialFunctions01/Gradient/GeneratedRoundRect.uexp" 372
"../../../Engine/Plugins/Runtime/AudioWidgets/Content/AudioMaterialSlate/M_AudioMaterialRoundedSlider.uasset" 373
"../../../Engine/Plugins/Runtime/AudioWidgets/Content/AudioMaterialSlate/M_AudioMaterialRoundedSlider.uexp" 374
"../../../Engine/Plugins/Runtime/AudioWidgets/Content/AudioMaterialSlate/MI_AudioMaterialRoundedSlider.uasset" 375
"../../../Engine/Plugins/Runtime/AudioWidgets/Content/AudioMaterialSlate/MI_AudioMaterialRoundedSlider.uexp" 376
"../../../Engine/Plugins/Runtime/AudioWidgets/Content/AudioMaterialSlate/Functions/MF_Lines.uasset" 377
"../../../Engine/Plugins/Runtime/AudioWidgets/Content/AudioMaterialSlate/Functions/MF_Lines.uexp" 378
"../../../Engine/Content/Functions/Engine_MaterialFunctions02/Lerp_3Color.uasset" 379
"../../../Engine/Content/Functions/Engine_MaterialFunctions02/Lerp_3Color.uexp" 380
"../../../Engine/Plugins/Runtime/AudioWidgets/Content/AudioMaterialSlate/M_AudioMaterialMeter.uasset" 381
"../../../Engine/Plugins/Runtime/AudioWidgets/Content/AudioMaterialSlate/M_AudioMaterialMeter.uexp" 382
"../../../Engine/Plugins/Runtime/AudioWidgets/Content/AudioMaterialSlate/MI_AudioMaterialMeter.uasset" 383
"../../../Engine/Plugins/Runtime/AudioWidgets/Content/AudioMaterialSlate/MI_AudioMaterialMeter.uexp" 384
"../../../Engine/Plugins/Runtime/AudioWidgets/Content/AudioMaterialSlate/M_AudioMaterialKnob.uasset" 385
"../../../Engine/Plugins/Runtime/AudioWidgets/Content/AudioMaterialSlate/M_AudioMaterialKnob.uexp" 386
"../../../Engine/Plugins/Runtime/AudioWidgets/Content/AudioMaterialSlate/MI_AudioMaterialKnob.uasset" 387
"../../../Engine/Plugins/Runtime/AudioWidgets/Content/AudioMaterialSlate/MI_AudioMaterialKnob.uexp" 388
"../../../Engine/Plugins/Runtime/AudioWidgets/Content/AudioMaterialSlate/Functions/MF_DotOutlined.uasset" 389
"../../../Engine/Plugins/Runtime/AudioWidgets/Content/AudioMaterialSlate/Functions/MF_DotOutlined.uexp" 390
"../../../Engine/Plugins/Runtime/AudioWidgets/Content/AudioMaterialSlate/M_AudioMaterialEnvelope_ADSR.uasset" 391
"../../../Engine/Plugins/Runtime/AudioWidgets/Content/AudioMaterialSlate/M_AudioMaterialEnvelope_ADSR.uexp" 392
"../../../Engine/Plugins/Runtime/AudioWidgets/Content/AudioMaterialSlate/MI_AudioMaterialEnvelope_ADSR.uasset" 393
"../../../Engine/Plugins/Runtime/AudioWidgets/Content/AudioMaterialSlate/MI_AudioMaterialEnvelope_ADSR.uexp" 394
"../../../Engine/Plugins/Runtime/AR/ARUtilities/Content/Materials/M_ScreenSpacePassthroughCamera.uasset" 395
"../../../Engine/Plugins/Runtime/AR/ARUtilities/Content/Materials/M_ScreenSpacePassthroughCamera.uexp" 396
"../../../Engine/Plugins/Runtime/AR/ARUtilities/Content/Materials/MI_ScreenSpacePassthroughCameraExternalTexture.uasset" 397
"../../../Engine/Plugins/Runtime/AR/ARUtilities/Content/Materials/MI_ScreenSpacePassthroughCameraExternalTexture.uexp" 398
"../../../Engine/Plugins/Runtime/AR/ARUtilities/Content/Materials/M_PassthroughCamera.uasset" 399
"../../../Engine/Plugins/Runtime/AR/ARUtilities/Content/Materials/M_PassthroughCamera.uexp" 400
"../../../Engine/Plugins/Runtime/AR/ARUtilities/Content/Materials/MI_PassthroughCameraExternalTexture.uasset" 401
"../../../Engine/Plugins/Runtime/AR/ARUtilities/Content/Materials/MI_PassthroughCameraExternalTexture.uexp" 402
"../../../Engine/Plugins/Animation/ControlRig/Content/Controls/ControlRig_Wedge_solid.ubulk" 403
"../../../Engine/Plugins/Animation/ControlRig/Content/Controls/ControlRig_Wedge_solid.uasset" 404
"../../../Engine/Plugins/Animation/ControlRig/Content/Controls/ControlRig_Wedge_solid.uexp" 405
"../../../Engine/Plugins/Animation/ControlRig/Content/Controls/ControlRig_Wedge_3mm.ubulk" 406
"../../../Engine/Plugins/Animation/ControlRig/Content/Controls/ControlRig_Wedge_3mm.uasset" 407
"../../../Engine/Plugins/Animation/ControlRig/Content/Controls/ControlRig_Wedge_3mm.uexp" 408
"../../../Engine/Plugins/Animation/ControlRig/Content/Controls/ControlRig_Wedge_1mm.ubulk" 409
"../../../Engine/Plugins/Animation/ControlRig/Content/Controls/ControlRig_Wedge_1mm.uasset" 410
"../../../Engine/Plugins/Animation/ControlRig/Content/Controls/ControlRig_Wedge_1mm.uexp" 411
"../../../Engine/Plugins/Animation/ControlRig/Content/Controls/ControlRig_Triangle_solid.ubulk" 412
"../../../Engine/Plugins/Animation/ControlRig/Content/Controls/ControlRig_Triangle_solid.uasset" 413
"../../../Engine/Plugins/Animation/ControlRig/Content/Controls/ControlRig_Triangle_solid.uexp" 414
"../../../Engine/Plugins/Animation/ControlRig/Content/Controls/ControlRig_Triangle_3mm.ubulk" 415
"../../../Engine/Plugins/Animation/ControlRig/Content/Controls/ControlRig_Triangle_3mm.uasset" 416
"../../../Engine/Plugins/Animation/ControlRig/Content/Controls/ControlRig_Triangle_3mm.uexp" 417
"../../../Engine/Plugins/Animation/ControlRig/Content/Controls/ControlRig_Triangle_1mm.ubulk" 418
"../../../Engine/Plugins/Animation/ControlRig/Content/Controls/ControlRig_Triangle_1mm.uasset" 419
"../../../Engine/Plugins/Animation/ControlRig/Content/Controls/ControlRig_Triangle_1mm.uexp" 420
"../../../Engine/Plugins/Animation/ControlRig/Content/Controls/ControlRig_Star4_solid.ubulk" 421
"../../../Engine/Plugins/Animation/ControlRig/Content/Controls/ControlRig_Star4_solid.uasset" 422
"../../../Engine/Plugins/Animation/ControlRig/Content/Controls/ControlRig_Star4_solid.uexp" 423
"../../../Engine/Plugins/Animation/ControlRig/Content/Controls/ControlRig_Star4_3mm.ubulk" 424
"../../../Engine/Plugins/Animation/ControlRig/Content/Controls/ControlRig_Star4_3mm.uasset" 425
"../../../Engine/Plugins/Animation/ControlRig/Content/Controls/ControlRig_Star4_3mm.uexp" 426
"../../../Engine/Plugins/Animation/ControlRig/Content/Controls/ControlRig_Star4_1mm.ubulk" 427
"../../../Engine/Plugins/Animation/ControlRig/Content/Controls/ControlRig_Star4_1mm.uasset" 428
"../../../Engine/Plugins/Animation/ControlRig/Content/Controls/ControlRig_Star4_1mm.uexp" 429
"../../../Engine/Plugins/Animation/ControlRig/Content/Controls/ControlRig_Square_solid.ubulk" 430
"../../../Engine/Plugins/Animation/ControlRig/Content/Controls/ControlRig_Square_solid.uasset" 431
"../../../Engine/Plugins/Animation/ControlRig/Content/Controls/ControlRig_Square_solid.uexp" 432
"../../../Engine/Plugins/Animation/ControlRig/Content/Controls/ControlRig_Square_3mm.ubulk" 433
"../../../Engine/Plugins/Animation/ControlRig/Content/Controls/ControlRig_Square_3mm.uasset" 434
"../../../Engine/Plugins/Animation/ControlRig/Content/Controls/ControlRig_Square_3mm.uexp" 435
"../../../Engine/Plugins/Animation/ControlRig/Content/Controls/ControlRig_Square_1mm.ubulk" 436
"../../../Engine/Plugins/Animation/ControlRig/Content/Controls/ControlRig_Square_1mm.uasset" 437
"../../../Engine/Plugins/Animation/ControlRig/Content/Controls/ControlRig_Square_1mm.uexp" 438
"../../../Engine/Plugins/Animation/ControlRig/Content/Controls/ControlRig_Sphere_solid.ubulk" 439
"../../../Engine/Plugins/Animation/ControlRig/Content/Controls/ControlRig_Sphere_solid.uasset" 440
"../../../Engine/Plugins/Animation/ControlRig/Content/Controls/ControlRig_Sphere_solid.uexp" 441
"../../../Engine/Plugins/Animation/ControlRig/Content/Controls/ControlRig_Sphere_3mm.ubulk" 442
"../../../Engine/Plugins/Animation/ControlRig/Content/Controls/ControlRig_Sphere_3mm.uasset" 443
"../../../Engine/Plugins/Animation/ControlRig/Content/Controls/ControlRig_Sphere_3mm.uexp" 444
"../../../Engine/Plugins/Animation/ControlRig/Content/Controls/ControlRig_Sphere_1mm.ubulk" 445
"../../../Engine/Plugins/Animation/ControlRig/Content/Controls/ControlRig_Sphere_1mm.uasset" 446
"../../../Engine/Plugins/Animation/ControlRig/Content/Controls/ControlRig_Sphere_1mm.uexp" 447
"../../../Engine/Plugins/Animation/ControlRig/Content/Controls/ControlRig_RoundedTriangle_solid.ubulk" 448
"../../../Engine/Plugins/Animation/ControlRig/Content/Controls/ControlRig_RoundedTriangle_solid.uasset" 449
"../../../Engine/Plugins/Animation/ControlRig/Content/Controls/ControlRig_RoundedTriangle_solid.uexp" 450
"../../../Engine/Plugins/Animation/ControlRig/Content/Controls/ControlRig_RoundedTriangle_3mm.ubulk" 451
"../../../Engine/Plugins/Animation/ControlRig/Content/Controls/ControlRig_RoundedTriangle_3mm.uasset" 452
"../../../Engine/Plugins/Animation/ControlRig/Content/Controls/ControlRig_RoundedTriangle_3mm.uexp" 453
"../../../Engine/Plugins/Animation/ControlRig/Content/Controls/ControlRig_RoundedTriangle_1mm.ubulk" 454
"../../../Engine/Plugins/Animation/ControlRig/Content/Controls/ControlRig_RoundedTriangle_1mm.uasset" 455
"../../../Engine/Plugins/Animation/ControlRig/Content/Controls/ControlRig_RoundedTriangle_1mm.uexp" 456
"../../../Engine/Plugins/Animation/ControlRig/Content/Controls/ControlRig_RoundedSquare_solid.ubulk" 457
"../../../Engine/Plugins/Animation/ControlRig/Content/Controls/ControlRig_RoundedSquare_solid.uasset" 458
"../../../Engine/Plugins/Animation/ControlRig/Content/Controls/ControlRig_RoundedSquare_solid.uexp" 459
"../../../Engine/Plugins/Animation/ControlRig/Content/Controls/ControlRig_RoundedSquare_3mm.ubulk" 460
"../../../Engine/Plugins/Animation/ControlRig/Content/Controls/ControlRig_RoundedSquare_3mm.uasset" 461
"../../../Engine/Plugins/Animation/ControlRig/Content/Controls/ControlRig_RoundedSquare_3mm.uexp" 462
"../../../Engine/Plugins/Animation/ControlRig/Content/Controls/ControlRig_RoundedSquare_1mm.ubulk" 463
"../../../Engine/Plugins/Animation/ControlRig/Content/Controls/ControlRig_RoundedSquare_1mm.uasset" 464
"../../../Engine/Plugins/Animation/ControlRig/Content/Controls/ControlRig_RoundedSquare_1mm.uexp" 465
"../../../Engine/Plugins/Animation/ControlRig/Content/Controls/ControlRig_QuarterCircle_solid.ubulk" 466
"../../../Engine/Plugins/Animation/ControlRig/Content/Controls/ControlRig_QuarterCircle_solid.uasset" 467
"../../../Engine/Plugins/Animation/ControlRig/Content/Controls/ControlRig_QuarterCircle_solid.uexp" 468
"../../../Engine/Plugins/Animation/ControlRig/Content/Controls/ControlRig_QuarterCircle_3mm.ubulk" 469
"../../../Engine/Plugins/Animation/ControlRig/Content/Controls/ControlRig_QuarterCircle_3mm.uasset" 470
"../../../Engine/Plugins/Animation/ControlRig/Content/Controls/ControlRig_QuarterCircle_3mm.uexp" 471
"../../../Engine/Plugins/Animation/ControlRig/Content/Controls/ControlRig_QuarterCircle_1mm.ubulk" 472
"../../../Engine/Plugins/Animation/ControlRig/Content/Controls/ControlRig_QuarterCircle_1mm.uasset" 473
"../../../Engine/Plugins/Animation/ControlRig/Content/Controls/ControlRig_QuarterCircle_1mm.uexp" 474
"../../../Engine/Plugins/Animation/ControlRig/Content/Controls/ControlRig_Pyramid_solid.ubulk" 475
"../../../Engine/Plugins/Animation/ControlRig/Content/Controls/ControlRig_Pyramid_solid.uasset" 476
"../../../Engine/Plugins/Animation/ControlRig/Content/Controls/ControlRig_Pyramid_solid.uexp" 477
"../../../Engine/Plugins/Animation/ControlRig/Content/Controls/ControlRig_Pyramid_3mm.ubulk" 478
"../../../Engine/Plugins/Animation/ControlRig/Content/Controls/ControlRig_Pyramid_3mm.uasset" 479
"../../../Engine/Plugins/Animation/ControlRig/Content/Controls/ControlRig_Pyramid_3mm.uexp" 480
"../../../Engine/Plugins/Animation/ControlRig/Content/Controls/ControlRig_Pyramid_1mm.ubulk" 481
"../../../Engine/Plugins/Animation/ControlRig/Content/Controls/ControlRig_Pyramid_1mm.uasset" 482
"../../../Engine/Plugins/Animation/ControlRig/Content/Controls/ControlRig_Pyramid_1mm.uexp" 483
"../../../Engine/Plugins/Animation/ControlRig/Content/Controls/ControlRig_Octagon_solid.ubulk" 484
"../../../Engine/Plugins/Animation/ControlRig/Content/Controls/ControlRig_Octagon_solid.uasset" 485
"../../../Engine/Plugins/Animation/ControlRig/Content/Controls/ControlRig_Octagon_solid.uexp" 486
"../../../Engine/Plugins/Animation/ControlRig/Content/Controls/ControlRig_Octagon_3mm.ubulk" 487
"../../../Engine/Plugins/Animation/ControlRig/Content/Controls/ControlRig_Octagon_3mm.uasset" 488
"../../../Engine/Plugins/Animation/ControlRig/Content/Controls/ControlRig_Octagon_3mm.uexp" 489
"../../../Engine/Plugins/Animation/ControlRig/Content/Controls/ControlRig_Octagon_1mm.ubulk" 490
"../../../Engine/Plugins/Animation/ControlRig/Content/Controls/ControlRig_Octagon_1mm.uasset" 491
"../../../Engine/Plugins/Animation/ControlRig/Content/Controls/ControlRig_Octagon_1mm.uexp" 492
"../../../Engine/Plugins/Animation/ControlRig/Content/Controls/ControlRig_Hexagon_solid.ubulk" 493
"../../../Engine/Plugins/Animation/ControlRig/Content/Controls/ControlRig_Hexagon_solid.uasset" 494
"../../../Engine/Plugins/Animation/ControlRig/Content/Controls/ControlRig_Hexagon_solid.uexp" 495
"../../../Engine/Plugins/Animation/ControlRig/Content/Controls/ControlRig_Hexagon_3mm.ubulk" 496
"../../../Engine/Plugins/Animation/ControlRig/Content/Controls/ControlRig_Hexagon_3mm.uasset" 497
"../../../Engine/Plugins/Animation/ControlRig/Content/Controls/ControlRig_Hexagon_3mm.uexp" 498
"../../../Engine/Plugins/Animation/ControlRig/Content/Controls/ControlRig_Hexagon_1mm.ubulk" 499
"../../../Engine/Plugins/Animation/ControlRig/Content/Controls/ControlRig_Hexagon_1mm.uasset" 500
"../../../Engine/Plugins/Animation/ControlRig/Content/Controls/ControlRig_Hexagon_1mm.uexp" 501
"../../../Engine/Plugins/Animation/ControlRig/Content/Controls/ControlRig_HalfCircle_solid.ubulk" 502
"../../../Engine/Plugins/Animation/ControlRig/Content/Controls/ControlRig_HalfCircle_solid.uasset" 503
"../../../Engine/Plugins/Animation/ControlRig/Content/Controls/ControlRig_HalfCircle_solid.uexp" 504
"../../../Engine/Plugins/Animation/ControlRig/Content/Controls/ControlRig_HalfCircle_3mm.ubulk" 505
"../../../Engine/Plugins/Animation/ControlRig/Content/Controls/ControlRig_HalfCircle_3mm.uasset" 506
"../../../Engine/Plugins/Animation/ControlRig/Content/Controls/ControlRig_HalfCircle_3mm.uexp" 507
"../../../Engine/Plugins/Animation/ControlRig/Content/Controls/ControlRig_HalfCircle_1mm.ubulk" 508
"../../../Engine/Plugins/Animation/ControlRig/Content/Controls/ControlRig_HalfCircle_1mm.uasset" 509
"../../../Engine/Plugins/Animation/ControlRig/Content/Controls/ControlRig_HalfCircle_1mm.uexp" 510
"../../../Engine/Plugins/Animation/ControlRig/Content/Controls/ControlRig_Diamond_solid.ubulk" 511
"../../../Engine/Plugins/Animation/ControlRig/Content/Controls/ControlRig_Diamond_solid.uasset" 512
"../../../Engine/Plugins/Animation/ControlRig/Content/Controls/ControlRig_Diamond_solid.uexp" 513
"../../../Engine/Plugins/Animation/ControlRig/Content/Controls/ControlRig_Diamond_3mm.ubulk" 514
"../../../Engine/Plugins/Animation/ControlRig/Content/Controls/ControlRig_Diamond_3mm.uasset" 515
"../../../Engine/Plugins/Animation/ControlRig/Content/Controls/ControlRig_Diamond_3mm.uexp" 516
"../../../Engine/Plugins/Animation/ControlRig/Content/Controls/ControlRig_Diamond_1mm.ubulk" 517
"../../../Engine/Plugins/Animation/ControlRig/Content/Controls/ControlRig_Diamond_1mm.uasset" 518
"../../../Engine/Plugins/Animation/ControlRig/Content/Controls/ControlRig_Diamond_1mm.uexp" 519
"../../../Engine/Plugins/Animation/ControlRig/Content/Controls/ControlRig_Circle_solid.ubulk" 520
"../../../Engine/Plugins/Animation/ControlRig/Content/Controls/ControlRig_Circle_solid.uasset" 521
"../../../Engine/Plugins/Animation/ControlRig/Content/Controls/ControlRig_Circle_solid.uexp" 522
"../../../Engine/Plugins/Animation/ControlRig/Content/Controls/ControlRig_Circle_3mm.ubulk" 523
"../../../Engine/Plugins/Animation/ControlRig/Content/Controls/ControlRig_Circle_3mm.uasset" 524
"../../../Engine/Plugins/Animation/ControlRig/Content/Controls/ControlRig_Circle_3mm.uexp" 525
"../../../Engine/Plugins/Animation/ControlRig/Content/Controls/ControlRig_Circle_1mm.ubulk" 526
"../../../Engine/Plugins/Animation/ControlRig/Content/Controls/ControlRig_Circle_1mm.uasset" 527
"../../../Engine/Plugins/Animation/ControlRig/Content/Controls/ControlRig_Circle_1mm.uexp" 528
"../../../Engine/Plugins/Animation/ControlRig/Content/Controls/ControlRig_Box_solid.ubulk" 529
"../../../Engine/Plugins/Animation/ControlRig/Content/Controls/ControlRig_Box_solid.uasset" 530
"../../../Engine/Plugins/Animation/ControlRig/Content/Controls/ControlRig_Box_solid.uexp" 531
"../../../Engine/Plugins/Animation/ControlRig/Content/Controls/ControlRig_Box_3mm.ubulk" 532
"../../../Engine/Plugins/Animation/ControlRig/Content/Controls/ControlRig_Box_3mm.uasset" 533
"../../../Engine/Plugins/Animation/ControlRig/Content/Controls/ControlRig_Box_3mm.uexp" 534
"../../../Engine/Plugins/Animation/ControlRig/Content/Controls/ControlRig_Box_1mm.ubulk" 535
"../../../Engine/Plugins/Animation/ControlRig/Content/Controls/ControlRig_Box_1mm.uasset" 536
"../../../Engine/Plugins/Animation/ControlRig/Content/Controls/ControlRig_Box_1mm.uexp" 537
"../../../Engine/Plugins/Animation/ControlRig/Content/Controls/ControlRig_Arrow_solid.ubulk" 538
"../../../Engine/Plugins/Animation/ControlRig/Content/Controls/ControlRig_Arrow_solid.uasset" 539
"../../../Engine/Plugins/Animation/ControlRig/Content/Controls/ControlRig_Arrow_solid.uexp" 540
"../../../Engine/Plugins/Animation/ControlRig/Content/Controls/ControlRig_Arrow_3mm.ubulk" 541
"../../../Engine/Plugins/Animation/ControlRig/Content/Controls/ControlRig_Arrow_3mm.uasset" 542
"../../../Engine/Plugins/Animation/ControlRig/Content/Controls/ControlRig_Arrow_3mm.uexp" 543
"../../../Engine/Plugins/Animation/ControlRig/Content/Controls/ControlRig_Arrow_1mm.ubulk" 544
"../../../Engine/Plugins/Animation/ControlRig/Content/Controls/ControlRig_Arrow_1mm.uasset" 545
"../../../Engine/Plugins/Animation/ControlRig/Content/Controls/ControlRig_Arrow_1mm.uexp" 546
"../../../Engine/Plugins/Animation/ControlRig/Content/Controls/ControlRig_Arrow4_solid.ubulk" 547
"../../../Engine/Plugins/Animation/ControlRig/Content/Controls/ControlRig_Arrow4_solid.uasset" 548
"../../../Engine/Plugins/Animation/ControlRig/Content/Controls/ControlRig_Arrow4_solid.uexp" 549
"../../../Engine/Plugins/Animation/ControlRig/Content/Controls/ControlRig_Arrow4_3mm.ubulk" 550
"../../../Engine/Plugins/Animation/ControlRig/Content/Controls/ControlRig_Arrow4_3mm.uasset" 551
"../../../Engine/Plugins/Animation/ControlRig/Content/Controls/ControlRig_Arrow4_3mm.uexp" 552
"../../../Engine/Plugins/Animation/ControlRig/Content/Controls/ControlRig_Arrow4_1mm.ubulk" 553
"../../../Engine/Plugins/Animation/ControlRig/Content/Controls/ControlRig_Arrow4_1mm.uasset" 554
"../../../Engine/Plugins/Animation/ControlRig/Content/Controls/ControlRig_Arrow4_1mm.uexp" 555
"../../../Engine/Plugins/Animation/ControlRig/Content/Controls/ControlRig_Arrow2_solid.ubulk" 556
"../../../Engine/Plugins/Animation/ControlRig/Content/Controls/ControlRig_Arrow2_solid.uasset" 557
"../../../Engine/Plugins/Animation/ControlRig/Content/Controls/ControlRig_Arrow2_solid.uexp" 558
"../../../Engine/Plugins/Animation/ControlRig/Content/Controls/ControlRig_Arrow2_3mm.ubulk" 559
"../../../Engine/Plugins/Animation/ControlRig/Content/Controls/ControlRig_Arrow2_3mm.uasset" 560
"../../../Engine/Plugins/Animation/ControlRig/Content/Controls/ControlRig_Arrow2_3mm.uexp" 561
"../../../Engine/Plugins/Animation/ControlRig/Content/Controls/ControlRig_Arrow2_1mm.ubulk" 562
"../../../Engine/Plugins/Animation/ControlRig/Content/Controls/ControlRig_Arrow2_1mm.uasset" 563
"../../../Engine/Plugins/Animation/ControlRig/Content/Controls/ControlRig_Arrow2_1mm.uexp" 564
"../../../Engine/Content/EngineResources/WhiteSquareTexture.uasset" 565
"../../../Engine/Content/EngineResources/WhiteSquareTexture.uexp" 566
"../../../Engine/Content/EngineMaterials/Widget3DPassThrough.uasset" 567
"../../../Engine/Content/EngineMaterials/Widget3DPassThrough.uexp" 568
"../../../Engine/Content/EngineMaterials/Widget3DPassThrough_Translucent.uasset" 569
"../../../Engine/Content/EngineMaterials/Widget3DPassThrough_Translucent.uexp" 570
"../../../Engine/Content/EngineMaterials/Widget3DPassThrough_Translucent_OneSided.uasset" 571
"../../../Engine/Content/EngineMaterials/Widget3DPassThrough_Translucent_OneSided.uexp" 572
"../../../Engine/Content/EngineMaterials/Widget3DPassThrough_Opaque.uasset" 573
"../../../Engine/Content/EngineMaterials/Widget3DPassThrough_Opaque.uexp" 574
"../../../Engine/Content/EngineMaterials/Widget3DPassThrough_Opaque_OneSided.uasset" 575
"../../../Engine/Content/EngineMaterials/Widget3DPassThrough_Opaque_OneSided.uexp" 576
"../../../Engine/Content/EngineMaterials/Widget3DPassThrough_Masked_OneSided.uasset" 577
"../../../Engine/Content/EngineMaterials/Widget3DPassThrough_Masked_OneSided.uexp" 578
"../../../Engine/Content/EngineMaterials/Widget3DPassThrough_Masked.uasset" 579
"../../../Engine/Content/EngineMaterials/Widget3DPassThrough_Masked.uexp" 580
"../../../Engine/Content/EngineMaterials/WeightMapPlaceholderTexture.uasset" 581
"../../../Engine/Content/EngineMaterials/WeightMapPlaceholderTexture.uexp" 582
"../../../Engine/Content/EngineMaterials/WeightMapArrayPlaceholderTexture.uasset" 583
"../../../Engine/Content/EngineMaterials/WeightMapArrayPlaceholderTexture.uexp" 584
"../../../Engine/Content/EditorLandscapeResources/SplineEditorMeshMat.uasset" 585
"../../../Engine/Content/EditorLandscapeResources/SplineEditorMeshMat.uexp" 586
"../../../Engine/Content/EditorLandscapeResources/SplineEditorMesh.ubulk" 587
"../../../Engine/Content/EditorLandscapeResources/SplineEditorMesh.uasset" 588
"../../../Engine/Content/EditorLandscapeResources/SplineEditorMesh.uexp" 589
"../../../Engine/Content/EngineMaterials/DefaultMaterial.uasset" 590
"../../../Engine/Content/EngineMaterials/DefaultMaterial.uexp" 591
"../../../Engine/Content/BasicShapes/Sphere.ubulk" 592
"../../../Engine/Content/BasicShapes/Sphere.uasset" 593
"../../../Engine/Content/BasicShapes/Sphere.uexp" 594
"../../../Engine/Content/BasicShapes/Cube.ubulk" 595
"../../../Engine/Content/BasicShapes/Cube.uasset" 596
"../../../Engine/Content/BasicShapes/Cube.uexp" 597
"../../../Engine/Content/BasicShapes/Cone.ubulk" 598
"../../../Engine/Content/BasicShapes/Cone.uasset" 599
"../../../Engine/Content/BasicShapes/Cone.uexp" 600
"../../../Engine/Plugins/Interchange/Assets/Content/gltf/Textures/T_White_srgb.uasset" 601
"../../../Engine/Plugins/Interchange/Assets/Content/gltf/Textures/T_White_srgb.uexp" 602
"../../../Engine/Plugins/Interchange/Assets/Content/gltf/MaterialFunctions/MF_BaseColor.uasset" 603
"../../../Engine/Plugins/Interchange/Assets/Content/gltf/MaterialFunctions/MF_BaseColor.uexp" 604
"../../../Engine/Plugins/Interchange/Assets/Content/gltf/MaterialFunctions/MF_RotateV2.uasset" 605
"../../../Engine/Plugins/Interchange/Assets/Content/gltf/MaterialFunctions/MF_RotateV2.uexp" 606
"../../../Engine/Plugins/Interchange/Assets/Content/gltf/MaterialFunctions/MF_TransformUVs.uasset" 607
"../../../Engine/Plugins/Interchange/Assets/Content/gltf/MaterialFunctions/MF_TransformUVs.uexp" 608
"../../../Engine/Plugins/Interchange/Assets/Content/gltf/MaterialBodies/MF_Unlit_Body.uasset" 609
"../../../Engine/Plugins/Interchange/Assets/Content/gltf/MaterialBodies/MF_Unlit_Body.uexp" 610
"../../../Engine/Plugins/Interchange/Assets/Content/gltf/M_Unlit.uasset" 611
"../../../Engine/Plugins/Interchange/Assets/Content/gltf/M_Unlit.uexp" 612
"../../../Engine/Plugins/Interchange/Assets/Content/gltf/MaterialInstances/MI_Unlit_Opaque_DS.uasset" 613
"../../../Engine/Plugins/Interchange/Assets/Content/gltf/MaterialInstances/MI_Unlit_Opaque_DS.uexp" 614
"../../../Engine/Plugins/Interchange/Assets/Content/gltf/MaterialInstances/MI_Unlit_Opaque.uasset" 615
"../../../Engine/Plugins/Interchange/Assets/Content/gltf/MaterialInstances/MI_Unlit_Opaque.uexp" 616
"../../../Engine/Plugins/Interchange/Assets/Content/gltf/MaterialInstances/MI_Unlit_Mask_DS.uasset" 617
"../../../Engine/Plugins/Interchange/Assets/Content/gltf/MaterialInstances/MI_Unlit_Mask_DS.uexp" 618
"../../../Engine/Plugins/Interchange/Assets/Content/gltf/MaterialInstances/MI_Unlit_Mask.uasset" 619
"../../../Engine/Plugins/Interchange/Assets/Content/gltf/MaterialInstances/MI_Unlit_Mask.uexp" 620
"../../../Engine/Plugins/Interchange/Assets/Content/gltf/MaterialInstances/MI_Unlit_Blend_DS.uasset" 621
"../../../Engine/Plugins/Interchange/Assets/Content/gltf/MaterialInstances/MI_Unlit_Blend_DS.uexp" 622
"../../../Engine/Plugins/Interchange/Assets/Content/gltf/MaterialInstances/MI_Unlit_Blend.uasset" 623
"../../../Engine/Plugins/Interchange/Assets/Content/gltf/MaterialInstances/MI_Unlit_Blend.uexp" 624
"../../../Engine/Content/Functions/Engine_MaterialFunctions02/Math/Transform3x3Matrix.uasset" 625
"../../../Engine/Content/Functions/Engine_MaterialFunctions02/Math/Transform3x3Matrix.uexp" 626
"../../../Engine/Content/EngineMaterials/Good64x64TilingNoiseHighFreq.uasset" 627
"../../../Engine/Content/EngineMaterials/Good64x64TilingNoiseHighFreq.uexp" 628
"../../../Engine/Content/Functions/Engine_MaterialFunctions02/Texturing/ScreenAlignedPixelToPixelUVs.uasset" 629
"../../../Engine/Content/Functions/Engine_MaterialFunctions02/Texturing/ScreenAlignedPixelToPixelUVs.uexp" 630
"../../../Engine/Plugins/Interchange/Assets/Content/gltf/MaterialFunctions/MF_Temporal_Blur.uasset" 631
"../../../Engine/Plugins/Interchange/Assets/Content/gltf/MaterialFunctions/MF_Temporal_Blur.uexp" 632
"../../../Engine/Plugins/Interchange/Assets/Content/gltf/MaterialFunctions/MF_Specular.uasset" 633
"../../../Engine/Plugins/Interchange/Assets/Content/gltf/MaterialFunctions/MF_Specular.uexp" 634
"../../../Engine/Plugins/Interchange/Assets/Content/gltf/Textures/T_Anisotropy_Direction_Linear.uasset" 635
"../../../Engine/Plugins/Interchange/Assets/Content/gltf/Textures/T_Anisotropy_Direction_Linear.uexp" 636
"../../../Engine/Plugins/Interchange/Assets/Content/gltf/MaterialFunctions/MF_SpecularAnisotropy.uasset" 637
"../../../Engine/Plugins/Interchange/Assets/Content/gltf/MaterialFunctions/MF_SpecularAnisotropy.uexp" 638
"../../../Engine/Plugins/Interchange/Assets/Content/gltf/Textures/T_White_Linear.uasset" 639
"../../../Engine/Plugins/Interchange/Assets/Content/gltf/Textures/T_White_Linear.uexp" 640
"../../../Engine/Plugins/Interchange/Assets/Content/gltf/MaterialFunctions/MF_MetallicRoughness.uasset" 641
"../../../Engine/Plugins/Interchange/Assets/Content/gltf/MaterialFunctions/MF_MetallicRoughness.uexp" 642
"../../../Engine/Plugins/Interchange/Assets/Content/gltf/Textures/T_Generic_N.uasset" 643
"../../../Engine/Plugins/Interchange/Assets/Content/gltf/Textures/T_Generic_N.uexp" 644
"../../../Engine/Plugins/Interchange/Assets/Content/gltf/MaterialFunctions/MF_ScaleNormal.uasset" 645
"../../../Engine/Plugins/Interchange/Assets/Content/gltf/MaterialFunctions/MF_ScaleNormal.uexp" 646
"../../../Engine/Plugins/Interchange/Assets/Content/gltf/MaterialFunctions/MF_Fresnel_DS.uasset" 647
"../../../Engine/Plugins/Interchange/Assets/Content/gltf/MaterialFunctions/MF_Fresnel_DS.uexp" 648
"../../../Engine/Plugins/Interchange/Assets/Content/gltf/MaterialFunctions/MF_Iridescence.uasset" 649
"../../../Engine/Plugins/Interchange/Assets/Content/gltf/MaterialFunctions/MF_Iridescence.uexp" 650
"../../../Engine/Plugins/Interchange/Assets/Content/gltf/MaterialFunctions/MF_Occlusion.uasset" 651
"../../../Engine/Plugins/Interchange/Assets/Content/gltf/MaterialFunctions/MF_Occlusion.uexp" 652
"../../../Engine/Plugins/Interchange/Assets/Content/gltf/MaterialFunctions/MF_IOR.uasset" 653
"../../../Engine/Plugins/Interchange/Assets/Content/gltf/MaterialFunctions/MF_IOR.uexp" 654
"../../../Engine/Plugins/Interchange/Assets/Content/gltf/MaterialFunctions/MF_Transmission.uasset" 655
"../../../Engine/Plugins/Interchange/Assets/Content/gltf/MaterialFunctions/MF_Transmission.uexp" 656
"../../../Engine/Plugins/Interchange/Assets/Content/gltf/MaterialFunctions/MF_RotateNormals_TS.uasset" 657
"../../../Engine/Plugins/Interchange/Assets/Content/gltf/MaterialFunctions/MF_RotateNormals_TS.uexp" 658
"../../../Engine/Plugins/Interchange/Assets/Content/gltf/MaterialFunctions/MF_Normals.uasset" 659
"../../../Engine/Plugins/Interchange/Assets/Content/gltf/MaterialFunctions/MF_Normals.uexp" 660
"../../../Engine/Plugins/Interchange/Assets/Content/gltf/MaterialBodies/MF_Transmission_Body.uasset" 661
"../../../Engine/Plugins/Interchange/Assets/Content/gltf/MaterialBodies/MF_Transmission_Body.uexp" 662
"../../../Engine/Plugins/Interchange/Assets/Content/gltf/M_Transmission.uasset" 663
"../../../Engine/Plugins/Interchange/Assets/Content/gltf/M_Transmission.uexp" 664
"../../../Engine/Plugins/Interchange/Assets/Content/gltf/MaterialInstances/MI_Transmission_DS.uasset" 665
"../../../Engine/Plugins/Interchange/Assets/Content/gltf/MaterialInstances/MI_Transmission_DS.uexp" 666
"../../../Engine/Plugins/Interchange/Assets/Content/gltf/MaterialInstances/MI_Transmission.uasset" 667
"../../../Engine/Plugins/Interchange/Assets/Content/gltf/MaterialInstances/MI_Transmission.uexp" 668
"../../../Engine/Content/Functions/Engine_MaterialFunctions02/Math/AddComponents.uasset" 669
"../../../Engine/Content/Functions/Engine_MaterialFunctions02/Math/AddComponents.uexp" 670
"../../../Engine/Plugins/Interchange/Assets/Content/gltf/MaterialFunctions/MF_DiffuseSpecGloss.uasset" 671
"../../../Engine/Plugins/Interchange/Assets/Content/gltf/MaterialFunctions/MF_DiffuseSpecGloss.uexp" 672
"../../../Engine/Plugins/Interchange/Assets/Content/gltf/MaterialFunctions/MF_Emissive.uasset" 673
"../../../Engine/Plugins/Interchange/Assets/Content/gltf/MaterialFunctions/MF_Emissive.uexp" 674
"../../../Engine/Plugins/Interchange/Assets/Content/gltf/MaterialFunctions/MF_PerceivedBrightness.uasset" 675
"../../../Engine/Plugins/Interchange/Assets/Content/gltf/MaterialFunctions/MF_PerceivedBrightness.uexp" 676
"../../../Engine/Plugins/Interchange/Assets/Content/gltf/MaterialFunctions/MF_SpecGlossToMetalRoughness.uasset" 677
"../../../Engine/Plugins/Interchange/Assets/Content/gltf/MaterialFunctions/MF_SpecGlossToMetalRoughness.uexp" 678
"../../../Engine/Plugins/Interchange/Assets/Content/gltf/MaterialFunctions/MF_MaxComponentValue.uasset" 679
"../../../Engine/Plugins/Interchange/Assets/Content/gltf/MaterialFunctions/MF_MaxComponentValue.uexp" 680
"../../../Engine/Plugins/Interchange/Assets/Content/gltf/MaterialBodies/MF_SpecularGlossiness_Body.uasset" 681
"../../../Engine/Plugins/Interchange/Assets/Content/gltf/MaterialBodies/MF_SpecularGlossiness_Body.uexp" 682
"../../../Engine/Plugins/Interchange/Assets/Content/gltf/M_SpecularGlossiness.uasset" 683
"../../../Engine/Plugins/Interchange/Assets/Content/gltf/M_SpecularGlossiness.uexp" 684
"../../../Engine/Plugins/Interchange/Assets/Content/gltf/MaterialInstances/MI_SpecularGlossiness_Opaque_DS.uasset" 685
"../../../Engine/Plugins/Interchange/Assets/Content/gltf/MaterialInstances/MI_SpecularGlossiness_Opaque_DS.uexp" 686
"../../../Engine/Plugins/Interchange/Assets/Content/gltf/MaterialInstances/MI_SpecularGlossiness_Opaque.uasset" 687
"../../../Engine/Plugins/Interchange/Assets/Content/gltf/MaterialInstances/MI_SpecularGlossiness_Opaque.uexp" 688
"../../../Engine/Plugins/Interchange/Assets/Content/gltf/MaterialInstances/MI_SpecularGlossiness_Mask_DS.uasset" 689
"../../../Engine/Plugins/Interchange/Assets/Content/gltf/MaterialInstances/MI_SpecularGlossiness_Mask_DS.uexp" 690
"../../../Engine/Plugins/Interchange/Assets/Content/gltf/MaterialInstances/MI_SpecularGlossiness_Mask.uasset" 691
"../../../Engine/Plugins/Interchange/Assets/Content/gltf/MaterialInstances/MI_SpecularGlossiness_Mask.uexp" 692
"../../../Engine/Plugins/Interchange/Assets/Content/gltf/MaterialInstances/MI_SpecularGlossiness_Blend_DS.uasset" 693
"../../../Engine/Plugins/Interchange/Assets/Content/gltf/MaterialInstances/MI_SpecularGlossiness_Blend_DS.uexp" 694
"../../../Engine/Plugins/Interchange/Assets/Content/gltf/MaterialInstances/MI_SpecularGlossiness_Blend.uasset" 695
"../../../Engine/Plugins/Interchange/Assets/Content/gltf/MaterialInstances/MI_SpecularGlossiness_Blend.uexp" 696
"../../../Engine/Plugins/Interchange/Assets/Content/gltf/MaterialFunctions/MF_Sheen.uasset" 697
"../../../Engine/Plugins/Interchange/Assets/Content/gltf/MaterialFunctions/MF_Sheen.uexp" 698
"../../../Engine/Plugins/Interchange/Assets/Content/gltf/MaterialBodies/MF_Sheen_Body.uasset" 699
"../../../Engine/Plugins/Interchange/Assets/Content/gltf/MaterialBodies/MF_Sheen_Body.uexp" 700
"../../../Engine/Plugins/Interchange/Assets/Content/gltf/M_Sheen.uasset" 701
"../../../Engine/Plugins/Interchange/Assets/Content/gltf/M_Sheen.uexp" 702
"../../../Engine/Plugins/Interchange/Assets/Content/gltf/MaterialInstances/MI_Sheen_Opaque_DS.uasset" 703
"../../../Engine/Plugins/Interchange/Assets/Content/gltf/MaterialInstances/MI_Sheen_Opaque_DS.uexp" 704
"../../../Engine/Plugins/Interchange/Assets/Content/gltf/MaterialInstances/MI_Sheen_Opaque.uasset" 705
"../../../Engine/Plugins/Interchange/Assets/Content/gltf/MaterialInstances/MI_Sheen_Opaque.uexp" 706
"../../../Engine/Plugins/Interchange/Assets/Content/gltf/MaterialInstances/MI_Sheen_Mask_DS.uasset" 707
"../../../Engine/Plugins/Interchange/Assets/Content/gltf/MaterialInstances/MI_Sheen_Mask_DS.uexp" 708
"../../../Engine/Plugins/Interchange/Assets/Content/gltf/MaterialInstances/MI_Sheen_Mask.uasset" 709
"../../../Engine/Plugins/Interchange/Assets/Content/gltf/MaterialInstances/MI_Sheen_Mask.uexp" 710
"../../../Engine/Plugins/Interchange/Assets/Content/gltf/MaterialInstances/MI_Sheen_Blend_DS.uasset" 711
"../../../Engine/Plugins/Interchange/Assets/Content/gltf/MaterialInstances/MI_Sheen_Blend_DS.uexp" 712
"../../../Engine/Plugins/Interchange/Assets/Content/gltf/MaterialInstances/MI_Sheen_Blend.uasset" 713
"../../../Engine/Plugins/Interchange/Assets/Content/gltf/MaterialInstances/MI_Sheen_Blend.uexp" 714
"../../../Engine/Plugins/Interchange/Assets/Content/gltf/MaterialBodies/MF_Default_Body.uasset" 715
"../../../Engine/Plugins/Interchange/Assets/Content/gltf/MaterialBodies/MF_Default_Body.uexp" 716
"../../../Engine/Plugins/Interchange/Assets/Content/gltf/M_Default.uasset" 717
"../../../Engine/Plugins/Interchange/Assets/Content/gltf/M_Default.uexp" 718
"../../../Engine/Plugins/Interchange/Assets/Content/gltf/MaterialInstances/MI_Default_Opaque_DS.uasset" 719
"../../../Engine/Plugins/Interchange/Assets/Content/gltf/MaterialInstances/MI_Default_Opaque_DS.uexp" 720
"../../../Engine/Plugins/Interchange/Assets/Content/gltf/MaterialInstances/MI_Default_Opaque.uasset" 721
"../../../Engine/Plugins/Interchange/Assets/Content/gltf/MaterialInstances/MI_Default_Opaque.uexp" 722
"../../../Engine/Plugins/Interchange/Assets/Content/gltf/MaterialInstances/MI_Default_Mask_DS.uasset" 723
"../../../Engine/Plugins/Interchange/Assets/Content/gltf/MaterialInstances/MI_Default_Mask_DS.uexp" 724
"../../../Engine/Plugins/Interchange/Assets/Content/gltf/MaterialInstances/MI_Default_Mask.uasset" 725
"../../../Engine/Plugins/Interchange/Assets/Content/gltf/MaterialInstances/MI_Default_Mask.uexp" 726
"../../../Engine/Plugins/Interchange/Assets/Content/gltf/MaterialInstances/MI_Default_Blend_DS.uasset" 727
"../../../Engine/Plugins/Interchange/Assets/Content/gltf/MaterialInstances/MI_Default_Blend_DS.uexp" 728
"../../../Engine/Plugins/Interchange/Assets/Content/gltf/MaterialInstances/MI_Default_Blend.uasset" 729
"../../../Engine/Plugins/Interchange/Assets/Content/gltf/MaterialInstances/MI_Default_Blend.uexp" 730
"../../../Engine/Content/Functions/Engine_MaterialFunctions01/Texturing/FlattenNormal.uasset" 731
"../../../Engine/Content/Functions/Engine_MaterialFunctions01/Texturing/FlattenNormal.uexp" 732
"../../../Engine/Plugins/Interchange/Assets/Content/gltf/MaterialFunctions/MF_Clearcoat.uasset" 733
"../../../Engine/Plugins/Interchange/Assets/Content/gltf/MaterialFunctions/MF_Clearcoat.uexp" 734
"../../../Engine/Plugins/Interchange/Assets/Content/gltf/MaterialBodies/MF_ClearCoat_Body.uasset" 735
"../../../Engine/Plugins/Interchange/Assets/Content/gltf/MaterialBodies/MF_ClearCoat_Body.uexp" 736
"../../../Engine/Plugins/Interchange/Assets/Content/gltf/M_ClearCoat.uasset" 737
"../../../Engine/Plugins/Interchange/Assets/Content/gltf/M_ClearCoat.uexp" 738
"../../../Engine/Plugins/Interchange/Assets/Content/gltf/MaterialInstances/MI_ClearCoat_Opaque_DS.uasset" 739
"../../../Engine/Plugins/Interchange/Assets/Content/gltf/MaterialInstances/MI_ClearCoat_Opaque_DS.uexp" 740
"../../../Engine/Plugins/Interchange/Assets/Content/gltf/MaterialInstances/MI_ClearCoat_Opaque.uasset" 741
"../../../Engine/Plugins/Interchange/Assets/Content/gltf/MaterialInstances/MI_ClearCoat_Opaque.uexp" 742
"../../../Engine/Plugins/Interchange/Assets/Content/gltf/MaterialInstances/MI_ClearCoat_Mask_DS.uasset" 743
"../../../Engine/Plugins/Interchange/Assets/Content/gltf/MaterialInstances/MI_ClearCoat_Mask_DS.uexp" 744
"../../../Engine/Plugins/Interchange/Assets/Content/gltf/MaterialInstances/MI_ClearCoat_Mask.uasset" 745
"../../../Engine/Plugins/Interchange/Assets/Content/gltf/MaterialInstances/MI_ClearCoat_Mask.uexp" 746
"../../../Engine/Plugins/Interchange/Assets/Content/gltf/MaterialInstances/MI_ClearCoat_Blend_DS.uasset" 747
"../../../Engine/Plugins/Interchange/Assets/Content/gltf/MaterialInstances/MI_ClearCoat_Blend_DS.uexp" 748
"../../../Engine/Plugins/Interchange/Assets/Content/gltf/MaterialInstances/MI_ClearCoat_Blend.uasset" 749
"../../../Engine/Plugins/Interchange/Assets/Content/gltf/MaterialInstances/MI_ClearCoat_Blend.uexp" 750
"../../../Engine/Content/VREditor/TransformGizmo/Main.uasset" 751
"../../../Engine/Content/VREditor/TransformGizmo/Main.uexp" 752
"../../../Engine/Content/VREditor/TransformGizmo/Xray.uasset" 753
"../../../Engine/Content/VREditor/TransformGizmo/Xray.uexp" 754
"../../../Engine/Content/VREditor/TransformGizmo/SM_Sequencer_Node.ubulk" 755
"../../../Engine/Content/VREditor/TransformGizmo/SM_Sequencer_Node.uasset" 756
"../../../Engine/Content/VREditor/TransformGizmo/SM_Sequencer_Node.uexp" 757
"../../../Engine/Content/VREditor/LaserPointer/VR_LaserPower_01.ubulk" 758
"../../../Engine/Content/VREditor/LaserPointer/VR_LaserPower_01.uasset" 759
"../../../Engine/Content/VREditor/LaserPointer/VR_LaserPower_01.uexp" 760
"../../../Engine/Content/VREditor/TransformGizmo/TransformGizmoMaterial.uasset" 761
"../../../Engine/Content/VREditor/TransformGizmo/TransformGizmoMaterial.uexp" 762
"../../../Engine/Content/VREditor/TransformGizmo/TranslucentTransformGizmoMaterial.uasset" 763
"../../../Engine/Content/VREditor/TransformGizmo/TranslucentTransformGizmoMaterial.uexp" 764
"../../../Engine/Content/VREditor/TransformGizmo/BoundingBoxEdge.ubulk" 765
"../../../Engine/Content/VREditor/TransformGizmo/BoundingBoxEdge.uasset" 766
"../../../Engine/Content/VREditor/TransformGizmo/BoundingBoxEdge.uexp" 767
"../../../Engine/Content/VREditor/TransformGizmo/BoundingBoxCorner.ubulk" 768
"../../../Engine/Content/VREditor/TransformGizmo/BoundingBoxCorner.uasset" 769
"../../../Engine/Content/VREditor/TransformGizmo/BoundingBoxCorner.uexp" 770
"../../../Engine/Content/EngineSky/VolumetricClouds/T_CloudMask.ubulk" 771
"../../../Engine/Content/EngineSky/VolumetricClouds/T_CloudMask.uasset" 772
"../../../Engine/Content/EngineSky/VolumetricClouds/T_CloudMask.uexp" 773
"../../../Engine/Content/EngineSky/VolumetricClouds/VT_Lightning.uasset" 774
"../../../Engine/Content/EngineSky/VolumetricClouds/VT_Lightning.uexp" 775
"../../../Engine/Content/EngineSky/VolumetricClouds/T_Profile_08.ubulk" 776
"../../../Engine/Content/EngineSky/VolumetricClouds/T_Profile_08.uasset" 777
"../../../Engine/Content/EngineSky/VolumetricClouds/T_Profile_08.uexp" 778
"../../../Engine/Content/Functions/Engine_MaterialFunctions02/Utility/MakeFloat4.uasset" 779
"../../../Engine/Content/Functions/Engine_MaterialFunctions02/Utility/MakeFloat4.uexp" 780
"../../../Engine/Content/Functions/Engine_MaterialFunctions01/Units/Km-to-Cm.uasset" 781
"../../../Engine/Content/Functions/Engine_MaterialFunctions01/Units/Km-to-Cm.uexp" 782
"../../../Engine/Content/Functions/Engine_MaterialFunctions02/Utility/BreakOutFloat4Components.uasset" 783
"../../../Engine/Content/Functions/Engine_MaterialFunctions02/Utility/BreakOutFloat4Components.uexp" 784
"../../../Engine/Content/EngineSky/VolumetricClouds/T_CloudPattern.ubulk" 785
"../../../Engine/Content/EngineSky/VolumetricClouds/T_CloudPattern.uasset" 786
"../../../Engine/Content/EngineSky/VolumetricClouds/T_CloudPattern.uexp" 787
"../../../Engine/Content/EngineSky/VolumetricClouds/VT_PerlinWorley_Balanced.uasset" 788
"../../../Engine/Content/EngineSky/VolumetricClouds/VT_PerlinWorley_Balanced.uexp" 789
"../../../Engine/Content/EngineSky/VolumetricClouds/m_SimpleVolumetricCloud.uasset" 790
"../../../Engine/Content/EngineSky/VolumetricClouds/m_SimpleVolumetricCloud.uexp" 791
"../../../Engine/Content/EngineSky/VolumetricClouds/m_SimpleVolumetricCloud_Inst.uasset" 792
"../../../Engine/Content/EngineSky/VolumetricClouds/m_SimpleVolumetricCloud_Inst.uexp" 793
"../../../Engine/Content/EditorMaterials/Camera/CineMat.uasset" 794
"../../../Engine/Content/EditorMaterials/Camera/CineMat.uexp" 795
"../../../Engine/Content/EditorMaterials/Camera/MI_CineMat_Rig.uasset" 796
"../../../Engine/Content/EditorMaterials/Camera/MI_CineMat_Rig.uexp" 797
"../../../Engine/Content/EditorMeshes/Camera/SM_RailRig_Track.ubulk" 798
"../../../Engine/Content/EditorMeshes/Camera/SM_RailRig_Track.uasset" 799
"../../../Engine/Content/EditorMeshes/Camera/SM_RailRig_Track.uexp" 800
"../../../Engine/Content/EditorMeshes/Camera/SM_RailRig_Mount.ubulk" 801
"../../../Engine/Content/EditorMeshes/Camera/SM_RailRig_Mount.uasset" 802
"../../../Engine/Content/EditorMeshes/Camera/SM_RailRig_Mount.uexp" 803
"../../../Engine/Content/EditorMeshes/Camera/SM_CraneRig_Mount.ubulk" 804
"../../../Engine/Content/EditorMeshes/Camera/SM_CraneRig_Mount.uasset" 805
"../../../Engine/Content/EditorMeshes/Camera/SM_CraneRig_Mount.uexp" 806
"../../../Engine/Content/EditorMeshes/Camera/SM_CraneRig_Body.ubulk" 807
"../../../Engine/Content/EditorMeshes/Camera/SM_CraneRig_Body.uasset" 808
"../../../Engine/Content/EditorMeshes/Camera/SM_CraneRig_Body.uexp" 809
"../../../Engine/Content/EditorMeshes/Camera/SM_CraneRig_Base.ubulk" 810
"../../../Engine/Content/EditorMeshes/Camera/SM_CraneRig_Base.uasset" 811
"../../../Engine/Content/EditorMeshes/Camera/SM_CraneRig_Base.uexp" 812
"../../../Engine/Content/EditorMeshes/Camera/SM_CraneRig_Arm.ubulk" 813
"../../../Engine/Content/EditorMeshes/Camera/SM_CraneRig_Arm.uasset" 814
"../../../Engine/Content/EditorMeshes/Camera/SM_CraneRig_Arm.uexp" 815
"../../../Engine/Content/EngineMaterials/Substrate/GLints2/AGlintTex2dArray2.uasset" 816
"../../../Engine/Content/EngineMaterials/Substrate/GLints2/AGlintTex2dArray2.uexp" 817
"../../../Engine/Content/EngineMaterials/Substrate/GLints/AGlintTex2dArray.uasset" 818
"../../../Engine/Content/EngineMaterials/Substrate/GLints/AGlintTex2dArray.uexp" 819
"../../../Engine/Content/ArtTools/RenderToTexture/Meshes/S_1_Unit_Plane.ubulk" 820
"../../../Engine/Content/ArtTools/RenderToTexture/Meshes/S_1_Unit_Plane.uasset" 821
"../../../Engine/Content/ArtTools/RenderToTexture/Meshes/S_1_Unit_Plane.uexp" 822
"../../../Engine/Plugins/Animation/DeformerGraph/Content/Deformers/DG_LinearBlendSkin_Morph_Cloth_RecomputeNormals.uasset" 823
"../../../Engine/Plugins/Animation/DeformerGraph/Content/Deformers/DG_LinearBlendSkin_Morph_Cloth_RecomputeNormals.uexp" 824
"../../../Engine/Plugins/Animation/DeformerGraph/Content/Deformers/DG_LinearBlendSkin_Morph_Cloth.uasset" 825
"../../../Engine/Plugins/Animation/DeformerGraph/Content/Deformers/DG_LinearBlendSkin_Morph_Cloth.uexp" 826
"../../../Engine/Plugins/Animation/DeformerGraph/Content/DeformerFunctions/DG_Function_LinearBlendSkin_Morph_Cloth_PositionOnly.uasset" 827
"../../../Engine/Plugins/Animation/DeformerGraph/Content/DeformerFunctions/DG_Function_LinearBlendSkin_Morph_Cloth_PositionOnly.uexp" 828
"../../../Engine/Plugins/Animation/DeformerGraph/Content/DeformerFunctions/DG_Function_LinearBlendSkin_Morph_Cloth.uasset" 829
"../../../Engine/Plugins/Animation/DeformerGraph/Content/DeformerFunctions/DG_Function_LinearBlendSkin_Morph_Cloth.uexp" 830
"../../../Engine/Plugins/Animation/DeformerGraph/Content/DeformerFunctions/DG_Function_ComputeNormalsTangents.uasset" 831
"../../../Engine/Plugins/Animation/DeformerGraph/Content/DeformerFunctions/DG_Function_ComputeNormalsTangents.uexp" 832
"../../../Engine/Content/VREditor/TransformGizmo/StartRotationHandleIndicator.ubulk" 833
"../../../Engine/Content/VREditor/TransformGizmo/StartRotationHandleIndicator.uasset" 834
"../../../Engine/Content/VREditor/TransformGizmo/StartRotationHandleIndicator.uexp" 835
"../../../Engine/Content/VREditor/Sounds/UI/Drop_Item_From_ContentBrowser.ubulk" 836
"../../../Engine/Content/VREditor/Sounds/UI/Drop_Item_From_ContentBrowser.uasset" 837
"../../../Engine/Content/VREditor/Sounds/UI/Drop_Item_From_ContentBrowser.uexp" 838
"../../../Engine/Content/VREditor/TransformGizmo/PlaneTranslationHandle.ubulk" 839
"../../../Engine/Content/VREditor/TransformGizmo/PlaneTranslationHandle.uasset" 840
"../../../Engine/Content/VREditor/TransformGizmo/PlaneTranslationHandle.uexp" 841
"../../../Engine/Content/VREditor/Sounds/UI/Object_Snaps_To_Grid.ubulk" 842
"../../../Engine/Content/VREditor/Sounds/UI/Object_Snaps_To_Grid.uasset" 843
"../../../Engine/Content/VREditor/Sounds/UI/Object_Snaps_To_Grid.uexp" 844
"../../../Engine/Content/VREditor/Sounds/UI/Selection_Changes.ubulk" 845
"../../../Engine/Content/VREditor/Sounds/UI/Selection_Changes.uasset" 846
"../../../Engine/Content/VREditor/Sounds/UI/Selection_Changes.uexp" 847
"../../../Engine/Content/VREditor/Sounds/UI/Object_Snaps_To_Another_Actor.ubulk" 848
"../../../Engine/Content/VREditor/Sounds/UI/Object_Snaps_To_Another_Actor.uasset" 849
"../../../Engine/Content/VREditor/Sounds/UI/Object_Snaps_To_Another_Actor.uexp" 850
"../../../Engine/Content/VREditor/TransformGizmo/TranslucentTransformGizmoMaterial_Inst.uasset" 851
"../../../Engine/Content/VREditor/TransformGizmo/TranslucentTransformGizmoMaterial_Inst.uexp" 852
"../../../Engine/Content/VREditor/TransformGizmo/TransformGizmoFreeRotation.ubulk" 853
"../../../Engine/Content/VREditor/TransformGizmo/TransformGizmoFreeRotation.uasset" 854
"../../../Engine/Content/VREditor/TransformGizmo/TransformGizmoFreeRotation.uexp" 855
"../../../Engine/Content/VREditor/Sounds/UI/Scaling_Down.ubulk" 856
"../../../Engine/Content/VREditor/Sounds/UI/Scaling_Down.uasset" 857
"../../../Engine/Content/VREditor/Sounds/UI/Scaling_Down.uexp" 858
"../../../Engine/Content/Functions/Engine_MaterialFunctions02/SplitComponents.uasset" 859
"../../../Engine/Content/Functions/Engine_MaterialFunctions02/SplitComponents.uexp" 860
"../../../Engine/Content/VREditor/SnapGrid/SnapGridMaterial.uasset" 861
"../../../Engine/Content/VREditor/SnapGrid/SnapGridMaterial.uexp" 862
"../../../Engine/Content/VREditor/SnapGrid/SnapGridPlaneMesh.ubulk" 863
"../../../Engine/Content/VREditor/SnapGrid/SnapGridPlaneMesh.uasset" 864
"../../../Engine/Content/VREditor/SnapGrid/SnapGridPlaneMesh.uexp" 865
"../../../Engine/Content/VREditor/Sounds/UI/Scaling_Up.ubulk" 866
"../../../Engine/Content/VREditor/Sounds/UI/Scaling_Up.uasset" 867
"../../../Engine/Content/VREditor/Sounds/UI/Scaling_Up.uexp" 868
"../../../Engine/Content/VREditor/TransformGizmo/TransformGizmoMaterial_Inst.uasset" 869
"../../../Engine/Content/VREditor/TransformGizmo/TransformGizmoMaterial_Inst.uexp" 870
"../../../Engine/Content/VREditor/Sounds/UI/Gizmo_Handle_Clicked.ubulk" 871
"../../../Engine/Content/VREditor/Sounds/UI/Gizmo_Handle_Clicked.uasset" 872
"../../../Engine/Content/VREditor/Sounds/UI/Gizmo_Handle_Clicked.uexp" 873
"../../../Engine/Content/VREditor/TransformGizmo/RotationHandleQuarter.ubulk" 874
"../../../Engine/Content/VREditor/TransformGizmo/RotationHandleQuarter.uasset" 875
"../../../Engine/Content/VREditor/TransformGizmo/RotationHandleQuarter.uexp" 876
"../../../Engine/Content/VREditor/TransformGizmo/TranslateArrowHandle.ubulk" 877
"../../../Engine/Content/VREditor/TransformGizmo/TranslateArrowHandle.uasset" 878
"../../../Engine/Content/VREditor/TransformGizmo/TranslateArrowHandle.uexp" 879
"../../../Engine/Content/VREditor/TransformGizmo/RotationHandleIndicator.ubulk" 880
"../../../Engine/Content/VREditor/TransformGizmo/RotationHandleIndicator.uasset" 881
"../../../Engine/Content/VREditor/TransformGizmo/RotationHandleIndicator.uexp" 882
"../../../Engine/Content/VREditor/TransformGizmo/UniformScaleHandle.ubulk" 883
"../../../Engine/Content/VREditor/TransformGizmo/UniformScaleHandle.uasset" 884
"../../../Engine/Content/VREditor/TransformGizmo/UniformScaleHandle.uexp" 885
"../../../Engine/Content/VREditor/TransformGizmo/RotationHandleFull.ubulk" 886
"../../../Engine/Content/VREditor/TransformGizmo/RotationHandleFull.uasset" 887
"../../../Engine/Content/VREditor/TransformGizmo/RotationHandleFull.uexp" 888
"../../../Engine/Content/VREditor/Sounds/UI/Object_PickUp.ubulk" 889
"../../../Engine/Content/VREditor/Sounds/UI/Object_PickUp.uasset" 890
"../../../Engine/Content/VREditor/Sounds/UI/Object_PickUp.uexp" 891
"../../../Engine/Content/EngineResources/LandscapeVisibilityLayerInfo.uasset" 892
"../../../Engine/Content/EngineResources/LandscapeVisibilityLayerInfo.uexp" 893
"C:/Users/Bindo/Desktop/C++/AR_Marine_New/Content/HandheldAR/Blueprints/GameFramework/BP_ARPlayerController.uasset" 894
"C:/Users/Bindo/Desktop/C++/AR_Marine_New/Content/HandheldAR/Blueprints/GameFramework/BP_ARPlayerController.uexp" 895
"../../../Engine/Content/BasicShapes/Cylinder.ubulk" 896
"../../../Engine/Content/BasicShapes/Cylinder.uasset" 897
"../../../Engine/Content/BasicShapes/Cylinder.uexp" 898
"../../../Engine/Content/BasicShapes/Plane.ubulk" 899
"../../../Engine/Content/BasicShapes/Plane.uasset" 900
"../../../Engine/Content/BasicShapes/Plane.uexp" 901
"C:/Users/Bindo/Desktop/C++/AR_Marine_New/Content/HandheldAR/Blueprints/Placeable/Mesh/SM_ArrowBody.ubulk" 902
"C:/Users/Bindo/Desktop/C++/AR_Marine_New/Content/HandheldAR/Blueprints/Placeable/Mesh/SM_ArrowBody.uasset" 903
"C:/Users/Bindo/Desktop/C++/AR_Marine_New/Content/HandheldAR/Blueprints/Placeable/Mesh/SM_ArrowBody.uexp" 904
"C:/Users/Bindo/Desktop/C++/AR_Marine_New/Content/HandheldAR/Blueprints/UI/Icons/T_Icon_Scale.uasset" 905
"C:/Users/Bindo/Desktop/C++/AR_Marine_New/Content/HandheldAR/Blueprints/UI/Icons/T_Icon_Scale.uexp" 906
"../../../Engine/Plugins/Interchange/Assets/Content/Functions/MF_PhongToMetalRoughness.uasset" 907
"../../../Engine/Plugins/Interchange/Assets/Content/Functions/MF_PhongToMetalRoughness.uexp" 908
"C:/Users/Bindo/Desktop/C++/AR_Marine_New/Content/Hose_Model/aiStandardSurface6.uasset" 909
"C:/Users/Bindo/Desktop/C++/AR_Marine_New/Content/Hose_Model/aiStandardSurface6.uexp" 910
"C:/Users/Bindo/Desktop/C++/AR_Marine_New/Content/Hose_Model/TANK_END_ASSEMBLY.ubulk" 911
"C:/Users/Bindo/Desktop/C++/AR_Marine_New/Content/Hose_Model/TANK_END_ASSEMBLY.uasset" 912
"C:/Users/Bindo/Desktop/C++/AR_Marine_New/Content/Hose_Model/TANK_END_ASSEMBLY.uexp" 913
"C:/Users/Bindo/Desktop/C++/AR_Marine_New/Content/Hose_Model/FLAP_FEMALE.ubulk" 914
"C:/Users/Bindo/Desktop/C++/AR_Marine_New/Content/Hose_Model/FLAP_FEMALE.uasset" 915
"C:/Users/Bindo/Desktop/C++/AR_Marine_New/Content/Hose_Model/FLAP_FEMALE.uexp" 916
"C:/Users/Bindo/Desktop/C++/AR_Marine_New/Content/HandheldAR/Blueprints/GameFramework/ENUM_GestureType.uasset" 917
"C:/Users/Bindo/Desktop/C++/AR_Marine_New/Content/HandheldAR/Blueprints/GameFramework/ENUM_GestureType.uexp" 918
"C:/Users/Bindo/Desktop/C++/AR_Marine_New/Content/HandheldAR/Blueprints/UI/Icons/T_Icon_Snapshot_01.uasset" 919
"C:/Users/Bindo/Desktop/C++/AR_Marine_New/Content/HandheldAR/Blueprints/UI/Icons/T_Icon_Snapshot_01.uexp" 920
"C:/Users/Bindo/Desktop/C++/AR_Marine_New/Content/HandheldAR/Blueprints/UI/Icons/T_Icon_Right.uasset" 921
"C:/Users/Bindo/Desktop/C++/AR_Marine_New/Content/HandheldAR/Blueprints/UI/Icons/T_Icon_Right.uexp" 922
"C:/Users/Bindo/Desktop/C++/AR_Marine_New/Content/HandheldAR/Blueprints/UI/Icons/T_Icon_Close.uasset" 923
"C:/Users/Bindo/Desktop/C++/AR_Marine_New/Content/HandheldAR/Blueprints/UI/Icons/T_Icon_Close.uexp" 924
"C:/Users/Bindo/Desktop/C++/AR_Marine_New/Content/HandheldAR/Blueprints/UI/Icons/T_Capsule_Center_02.uasset" 925
"C:/Users/Bindo/Desktop/C++/AR_Marine_New/Content/HandheldAR/Blueprints/UI/Icons/T_Capsule_Center_02.uexp" 926
"C:/Users/Bindo/Desktop/C++/AR_Marine_New/Content/HandheldAR/Blueprints/UI/Icons/T_Icon_OFF_02.uasset" 927
"C:/Users/Bindo/Desktop/C++/AR_Marine_New/Content/HandheldAR/Blueprints/UI/Icons/T_Icon_OFF_02.uexp" 928
"C:/Users/Bindo/Desktop/C++/AR_Marine_New/Content/HandheldAR/Blueprints/UI/Icons/T_Icon_Info_02.uasset" 929
"C:/Users/Bindo/Desktop/C++/AR_Marine_New/Content/HandheldAR/Blueprints/UI/Icons/T_Icon_Info_02.uexp" 930
"C:/Users/Bindo/Desktop/C++/AR_Marine_New/Content/HandheldAR/Blueprints/UI/Icons/T_Capsule_Left_02.uasset" 931
"C:/Users/Bindo/Desktop/C++/AR_Marine_New/Content/HandheldAR/Blueprints/UI/Icons/T_Capsule_Left_02.uexp" 932
"C:/Users/Bindo/Desktop/C++/AR_Marine_New/Content/HandheldAR/Blueprints/UI/Icons/T_Icon_Close_02.uasset" 933
"C:/Users/Bindo/Desktop/C++/AR_Marine_New/Content/HandheldAR/Blueprints/UI/Icons/T_Icon_Close_02.uexp" 934
"C:/Users/Bindo/Desktop/C++/AR_Marine_New/Content/HandheldAR/Blueprints/UI/Icons/T_Icon_ON.uasset" 935
"C:/Users/Bindo/Desktop/C++/AR_Marine_New/Content/HandheldAR/Blueprints/UI/Icons/T_Icon_ON.uexp" 936
"../../../Engine/Content/EngineFonts/Faces/RobotoLight.uexp" 937
"../../../Engine/Content/EngineFonts/Faces/RobotoLight.uasset" 938
"../../../Engine/Content/EngineFonts/Faces/RobotoLight.ufont" 939
"../../../Engine/Content/EngineFonts/Faces/RobotoBold.uexp" 940
"../../../Engine/Content/EngineFonts/Faces/RobotoBold.uasset" 941
"../../../Engine/Content/EngineFonts/Faces/RobotoBold.ufont" 942
"../../../Engine/Content/EngineFonts/Faces/RobotoRegular.uexp" 943
"../../../Engine/Content/EngineFonts/Faces/RobotoRegular.uasset" 944
"../../../Engine/Content/EngineFonts/Faces/RobotoRegular.ufont" 945
"../../../Engine/Content/EngineFonts/Faces/DroidSansFallback.uexp" 946
"../../../Engine/Content/EngineFonts/Faces/DroidSansFallback.uasset" 947
"../../../Engine/Content/EngineFonts/Faces/DroidSansFallback.ufont" 948
"../../../Engine/Content/EngineFonts/Faces/RobotoItalic.uexp" 949
"../../../Engine/Content/EngineFonts/Faces/RobotoItalic.uasset" 950
"../../../Engine/Content/EngineFonts/Faces/RobotoItalic.ufont" 951
"../../../Engine/Content/EngineFonts/Faces/RobotoBoldItalic.uexp" 952
"../../../Engine/Content/EngineFonts/Faces/RobotoBoldItalic.uasset" 953
"../../../Engine/Content/EngineFonts/Faces/RobotoBoldItalic.ufont" 954
"../../../Engine/Content/EngineFonts/Roboto.uasset" 955
"../../../Engine/Content/EngineFonts/Roboto.uexp" 956
"C:/Users/Bindo/Desktop/C++/AR_Marine_New/Content/HandheldAR/Blueprints/UI/Styles/ENUM_UIStyle.uasset" 957
"C:/Users/Bindo/Desktop/C++/AR_Marine_New/Content/HandheldAR/Blueprints/UI/Styles/ENUM_UIStyle.uexp" 958
"C:/Users/Bindo/Desktop/C++/AR_Marine_New/Content/HandheldAR/Blueprints/UI/Styles/Enum_FontTypeFace.uasset" 959
"C:/Users/Bindo/Desktop/C++/AR_Marine_New/Content/HandheldAR/Blueprints/UI/Styles/Enum_FontTypeFace.uexp" 960
"C:/Users/Bindo/Desktop/C++/AR_Marine_New/Content/HandheldAR/Blueprints/UI/Styles/Enum_IconType.uasset" 961
"C:/Users/Bindo/Desktop/C++/AR_Marine_New/Content/HandheldAR/Blueprints/UI/Styles/Enum_IconType.uexp" 962
"C:/Users/Bindo/Desktop/C++/AR_Marine_New/Content/HandheldAR/Blueprints/UI/Styles/Struct_Icon.uasset" 963
"C:/Users/Bindo/Desktop/C++/AR_Marine_New/Content/HandheldAR/Blueprints/UI/Styles/Struct_Icon.uexp" 964
"C:/Users/Bindo/Desktop/C++/AR_Marine_New/Content/HandheldAR/Blueprints/UI/Styles/Struct_Style.uasset" 965
"C:/Users/Bindo/Desktop/C++/AR_Marine_New/Content/HandheldAR/Blueprints/UI/Styles/Struct_Style.uexp" 966
"C:/Users/Bindo/Desktop/C++/AR_Marine_New/Content/HandheldAR/Blueprints/UI/Icons/T_Icon_Info_01.uasset" 967
"C:/Users/Bindo/Desktop/C++/AR_Marine_New/Content/HandheldAR/Blueprints/UI/Icons/T_Icon_Info_01.uexp" 968
"C:/Users/Bindo/Desktop/C++/AR_Marine_New/Content/HandheldAR/Blueprints/UI/Icons/T_Icon_Options_02.uasset" 969
"C:/Users/Bindo/Desktop/C++/AR_Marine_New/Content/HandheldAR/Blueprints/UI/Icons/T_Icon_Options_02.uexp" 970
"C:/Users/Bindo/Desktop/C++/AR_Marine_New/Content/HandheldAR/Blueprints/UI/Icons/T_Icon_Left_02.uasset" 971
"C:/Users/Bindo/Desktop/C++/AR_Marine_New/Content/HandheldAR/Blueprints/UI/Icons/T_Icon_Left_02.uexp" 972
"C:/Users/Bindo/Desktop/C++/AR_Marine_New/Content/HandheldAR/Blueprints/UI/Icons/T_Icon_Snapshot_02.uasset" 973
"C:/Users/Bindo/Desktop/C++/AR_Marine_New/Content/HandheldAR/Blueprints/UI/Icons/T_Icon_Snapshot_02.uexp" 974
"C:/Users/Bindo/Desktop/C++/AR_Marine_New/Content/HandheldAR/Blueprints/UI/Icons/T_Icon_ON_02.uasset" 975
"C:/Users/Bindo/Desktop/C++/AR_Marine_New/Content/HandheldAR/Blueprints/UI/Icons/T_Icon_ON_02.uexp" 976
"C:/Users/Bindo/Desktop/C++/AR_Marine_New/Content/HandheldAR/Blueprints/UI/Icons/T_Capsule_Left.uasset" 977
"C:/Users/Bindo/Desktop/C++/AR_Marine_New/Content/HandheldAR/Blueprints/UI/Icons/T_Capsule_Left.uexp" 978
"C:/Users/Bindo/Desktop/C++/AR_Marine_New/Content/HandheldAR/Blueprints/UI/Icons/T_Icon_Right_02.uasset" 979
"C:/Users/Bindo/Desktop/C++/AR_Marine_New/Content/HandheldAR/Blueprints/UI/Icons/T_Icon_Right_02.uexp" 980
"C:/Users/Bindo/Desktop/C++/AR_Marine_New/Content/HandheldAR/Blueprints/UI/Icons/T_Icon_Options_01.uasset" 981
"C:/Users/Bindo/Desktop/C++/AR_Marine_New/Content/HandheldAR/Blueprints/UI/Icons/T_Icon_Options_01.uexp" 982
"C:/Users/Bindo/Desktop/C++/AR_Marine_New/Content/HandheldAR/Blueprints/UI/Icons/T_Capsule_Right_02.uasset" 983
"C:/Users/Bindo/Desktop/C++/AR_Marine_New/Content/HandheldAR/Blueprints/UI/Icons/T_Capsule_Right_02.uexp" 984
"C:/Users/Bindo/Desktop/C++/AR_Marine_New/Content/HandheldAR/Blueprints/UI/Icons/T_Icon_Reset_01.uasset" 985
"C:/Users/Bindo/Desktop/C++/AR_Marine_New/Content/HandheldAR/Blueprints/UI/Icons/T_Icon_Reset_01.uexp" 986
"C:/Users/Bindo/Desktop/C++/AR_Marine_New/Content/HandheldAR/Blueprints/UI/Icons/T_Icon_OFF.uasset" 987
"C:/Users/Bindo/Desktop/C++/AR_Marine_New/Content/HandheldAR/Blueprints/UI/Icons/T_Icon_OFF.uexp" 988
"C:/Users/Bindo/Desktop/C++/AR_Marine_New/Content/HandheldAR/Blueprints/UI/Icons/T_Capsule_Right.uasset" 989
"C:/Users/Bindo/Desktop/C++/AR_Marine_New/Content/HandheldAR/Blueprints/UI/Icons/T_Capsule_Right.uexp" 990
"C:/Users/Bindo/Desktop/C++/AR_Marine_New/Content/HandheldAR/Blueprints/UI/Icons/T_Icon_Reset_02.uasset" 991
"C:/Users/Bindo/Desktop/C++/AR_Marine_New/Content/HandheldAR/Blueprints/UI/Icons/T_Icon_Reset_02.uexp" 992
"C:/Users/Bindo/Desktop/C++/AR_Marine_New/Content/HandheldAR/Blueprints/UI/Icons/T_Icon_Left.uasset" 993
"C:/Users/Bindo/Desktop/C++/AR_Marine_New/Content/HandheldAR/Blueprints/UI/Icons/T_Icon_Left.uexp" 994
"C:/Users/Bindo/Desktop/C++/AR_Marine_New/Content/HandheldAR/Blueprints/UI/Icons/T_Capsule_Center.uasset" 995
"C:/Users/Bindo/Desktop/C++/AR_Marine_New/Content/HandheldAR/Blueprints/UI/Icons/T_Capsule_Center.uexp" 996
"C:/Users/Bindo/Desktop/C++/AR_Marine_New/Content/HandheldAR/Blueprints/UI/Styles/DT_Styles.uasset" 997
"C:/Users/Bindo/Desktop/C++/AR_Marine_New/Content/HandheldAR/Blueprints/UI/Styles/DT_Styles.uexp" 998
"C:/Users/Bindo/Desktop/C++/AR_Marine_New/Content/HandheldAR/Blueprints/UI/Materials/M_ButtonUI.uasset" 999
"C:/Users/Bindo/Desktop/C++/AR_Marine_New/Content/HandheldAR/Blueprints/UI/Materials/M_ButtonUI.uexp" 1000
"C:/Users/Bindo/Desktop/C++/AR_Marine_New/Content/HandheldAR/Blueprints/UI/UI_ToggleButton.uasset" 1001
"C:/Users/Bindo/Desktop/C++/AR_Marine_New/Content/HandheldAR/Blueprints/UI/UI_ToggleButton.uexp" 1002
"../../../Engine/Content/EditorBlueprintResources/StandardMacros.uasset" 1003
"../../../Engine/Content/EditorBlueprintResources/StandardMacros.uexp" 1004
"C:/Users/Bindo/Desktop/C++/AR_Marine_New/Content/HandheldAR/Blueprints/UI/UI_CapsuleButton.uasset" 1005
"C:/Users/Bindo/Desktop/C++/AR_Marine_New/Content/HandheldAR/Blueprints/UI/UI_CapsuleButton.uexp" 1006
"C:/Users/Bindo/Desktop/C++/AR_Marine_New/Content/HandheldAR/Blueprints/UI/Styles/BP_StylizedUI.uasset" 1007
"C:/Users/Bindo/Desktop/C++/AR_Marine_New/Content/HandheldAR/Blueprints/UI/Styles/BP_StylizedUI.uexp" 1008
"C:/Users/Bindo/Desktop/C++/AR_Marine_New/Content/HandheldAR/Blueprints/UI/Icons/T_CircularMenu_Top.uasset" 1009
"C:/Users/Bindo/Desktop/C++/AR_Marine_New/Content/HandheldAR/Blueprints/UI/Icons/T_CircularMenu_Top.uexp" 1010
"C:/Users/Bindo/Desktop/C++/AR_Marine_New/Content/HandheldAR/Blueprints/UI/Icons/T_CircularMenu.uasset" 1011
"C:/Users/Bindo/Desktop/C++/AR_Marine_New/Content/HandheldAR/Blueprints/UI/Icons/T_CircularMenu.uexp" 1012
"C:/Users/Bindo/Desktop/C++/AR_Marine_New/Content/HandheldAR/Blueprints/UI/Icons/T_Icon_Circle.uasset" 1013
"C:/Users/Bindo/Desktop/C++/AR_Marine_New/Content/HandheldAR/Blueprints/UI/Icons/T_Icon_Circle.uexp" 1014
"C:/Users/Bindo/Desktop/C++/AR_Marine_New/Content/HandheldAR/Blueprints/UI/Materials/M_CircularMenuSelection.uasset" 1015
"C:/Users/Bindo/Desktop/C++/AR_Marine_New/Content/HandheldAR/Blueprints/UI/Materials/M_CircularMenuSelection.uexp" 1016
"C:/Users/Bindo/Desktop/C++/AR_Marine_New/Content/HandheldAR/Blueprints/UI/Screenshot_2025-04-14_111202.uasset" 1017
"C:/Users/Bindo/Desktop/C++/AR_Marine_New/Content/HandheldAR/Blueprints/UI/Screenshot_2025-04-14_111202.uexp" 1018
"C:/Users/Bindo/Desktop/C++/AR_Marine_New/Content/HandheldAR/Blueprints/UI/BP_BottomMenu.uasset" 1019
"C:/Users/Bindo/Desktop/C++/AR_Marine_New/Content/HandheldAR/Blueprints/UI/BP_BottomMenu.uexp" 1020
"C:/Users/Bindo/Desktop/C++/AR_Marine_New/Content/Noise_Aura.uasset" 1021
"C:/Users/Bindo/Desktop/C++/AR_Marine_New/Content/Noise_Aura.uexp" 1022
"C:/Users/Bindo/Desktop/C++/AR_Marine_New/Content/M_gas.uasset" 1023
"C:/Users/Bindo/Desktop/C++/AR_Marine_New/Content/M_gas.uexp" 1024
"../../../Engine/Content/ArtTools/RenderToTexture/Textures/127grey.uasset" 1025
"../../../Engine/Content/ArtTools/RenderToTexture/Textures/127grey.uexp" 1026
"../../../Engine/Content/Functions/Engine_MaterialFunctions01/Gradient/LinearGradient.uasset" 1027
"../../../Engine/Content/Functions/Engine_MaterialFunctions01/Gradient/LinearGradient.uexp" 1028
"../../../Engine/Content/Functions/Engine_MaterialFunctions01/ImageAdjustment/CheapContrast.uasset" 1029
"../../../Engine/Content/Functions/Engine_MaterialFunctions01/ImageAdjustment/CheapContrast.uexp" 1030
"C:/Users/Bindo/Desktop/C++/AR_Marine_New/Content/HandheldAR/Blueprints/Placeable/Materials/MF_CircularScan.uasset" 1031
"C:/Users/Bindo/Desktop/C++/AR_Marine_New/Content/HandheldAR/Blueprints/Placeable/Materials/MF_CircularScan.uexp" 1032
"C:/Users/Bindo/Desktop/C++/AR_Marine_New/Content/HandheldAR/Blueprints/Placeable/Materials/M_Plane_02.uasset" 1033
"C:/Users/Bindo/Desktop/C++/AR_Marine_New/Content/HandheldAR/Blueprints/Placeable/Materials/M_Plane_02.uexp" 1034
"C:/Users/Bindo/Desktop/C++/AR_Marine_New/Content/HandheldAR/Blueprints/Placeable/Materials/MF_DistanceFalloff.uasset" 1035
"C:/Users/Bindo/Desktop/C++/AR_Marine_New/Content/HandheldAR/Blueprints/Placeable/Materials/MF_DistanceFalloff.uexp" 1036
"C:/Users/Bindo/Desktop/C++/AR_Marine_New/Content/HandheldAR/Blueprints/Placeable/Materials/M_Plane_Fallback.uasset" 1037
"C:/Users/Bindo/Desktop/C++/AR_Marine_New/Content/HandheldAR/Blueprints/Placeable/Materials/M_Plane_Fallback.uexp" 1038
"C:/Users/Bindo/Desktop/C++/AR_Marine_New/Content/HandheldAR/Blueprints/Placeable/Materials/M_Plane_Plain.uasset" 1039
"C:/Users/Bindo/Desktop/C++/AR_Marine_New/Content/HandheldAR/Blueprints/Placeable/Materials/M_Plane_Plain.uexp" 1040
"C:/Users/Bindo/Desktop/C++/AR_Marine_New/Content/HandheldAR/Blueprints/Placeable/Materials/M_Plane_01.uasset" 1041
"C:/Users/Bindo/Desktop/C++/AR_Marine_New/Content/HandheldAR/Blueprints/Placeable/Materials/M_Plane_01.uexp" 1042
"C:/Users/Bindo/Desktop/C++/AR_Marine_New/Content/HandheldAR/Blueprints/Placeable/BP_Plane.uasset" 1043
"C:/Users/Bindo/Desktop/C++/AR_Marine_New/Content/HandheldAR/Blueprints/Placeable/BP_Plane.uexp" 1044
"C:/Users/Bindo/Desktop/C++/AR_Marine_New/Content/HandheldAR/Blueprints/Placeable/Textures/T_CirclePlate.uasset" 1045
"C:/Users/Bindo/Desktop/C++/AR_Marine_New/Content/HandheldAR/Blueprints/Placeable/Textures/T_CirclePlate.uexp" 1046
"C:/Users/Bindo/Desktop/C++/AR_Marine_New/Content/HandheldAR/Blueprints/Placeable/Materials/M_Placeable.uasset" 1047
"C:/Users/Bindo/Desktop/C++/AR_Marine_New/Content/HandheldAR/Blueprints/Placeable/Materials/M_Placeable.uexp" 1048
"C:/Users/Bindo/Desktop/C++/AR_Marine_New/Content/HandheldAR/Blueprints/Placeable/Mesh/SM_Plate.ubulk" 1049
"C:/Users/Bindo/Desktop/C++/AR_Marine_New/Content/HandheldAR/Blueprints/Placeable/Mesh/SM_Plate.uasset" 1050
"C:/Users/Bindo/Desktop/C++/AR_Marine_New/Content/HandheldAR/Blueprints/Placeable/Mesh/SM_Plate.uexp" 1051
"C:/Users/Bindo/Desktop/C++/AR_Marine_New/Content/Hose_Model/FLAP_MALE.ubulk" 1052
"C:/Users/Bindo/Desktop/C++/AR_Marine_New/Content/Hose_Model/FLAP_MALE.uasset" 1053
"C:/Users/Bindo/Desktop/C++/AR_Marine_New/Content/Hose_Model/FLAP_MALE.uexp" 1054
"C:/Users/Bindo/Desktop/C++/AR_Marine_New/Content/Hose_Model/HOSE_UNIT.ubulk" 1055
"C:/Users/Bindo/Desktop/C++/AR_Marine_New/Content/Hose_Model/HOSE_UNIT.uasset" 1056
"C:/Users/Bindo/Desktop/C++/AR_Marine_New/Content/Hose_Model/HOSE_UNIT.uexp" 1057
"C:/Users/Bindo/Desktop/C++/AR_Marine_New/Content/Hose_Model/HANDLE.ubulk" 1058
"C:/Users/Bindo/Desktop/C++/AR_Marine_New/Content/Hose_Model/HANDLE.uasset" 1059
"C:/Users/Bindo/Desktop/C++/AR_Marine_New/Content/Hose_Model/HANDLE.uexp" 1060
"C:/Users/Bindo/Desktop/C++/AR_Marine_New/Content/HandheldAR/Blueprints/Placeable/Textures/T_SquarePlate.uasset" 1061
"C:/Users/Bindo/Desktop/C++/AR_Marine_New/Content/HandheldAR/Blueprints/Placeable/Textures/T_SquarePlate.uexp" 1062
"C:/Users/Bindo/Desktop/C++/AR_Marine_New/Content/HandheldAR/Blueprints/Placeable/Materials/M_Arrow.uasset" 1063
"C:/Users/Bindo/Desktop/C++/AR_Marine_New/Content/HandheldAR/Blueprints/Placeable/Materials/M_Arrow.uexp" 1064
"C:/Users/Bindo/Desktop/C++/AR_Marine_New/Content/Hose_Model/PROTECTION_RING.ubulk" 1065
"C:/Users/Bindo/Desktop/C++/AR_Marine_New/Content/Hose_Model/PROTECTION_RING.uasset" 1066
"C:/Users/Bindo/Desktop/C++/AR_Marine_New/Content/Hose_Model/PROTECTION_RING.uexp" 1067
"C:/Users/Bindo/Desktop/C++/AR_Marine_New/Content/Hose_Model/TANK_END_SPRING.ubulk" 1068
"C:/Users/Bindo/Desktop/C++/AR_Marine_New/Content/Hose_Model/TANK_END_SPRING.uasset" 1069
"C:/Users/Bindo/Desktop/C++/AR_Marine_New/Content/Hose_Model/TANK_END_SPRING.uexp" 1070
"C:/Users/Bindo/Desktop/C++/AR_Marine_New/Content/HandheldAR/Blueprints/UI/Icons/T_Icon_Rotate.uasset" 1071
"C:/Users/Bindo/Desktop/C++/AR_Marine_New/Content/HandheldAR/Blueprints/UI/Icons/T_Icon_Rotate.uexp" 1072
"C:/Users/Bindo/Desktop/C++/AR_Marine_New/Content/HandheldAR/Blueprints/Placeable/Mesh/SM_ArrowHead.ubulk" 1073
"C:/Users/Bindo/Desktop/C++/AR_Marine_New/Content/HandheldAR/Blueprints/Placeable/Mesh/SM_ArrowHead.uasset" 1074
"C:/Users/Bindo/Desktop/C++/AR_Marine_New/Content/HandheldAR/Blueprints/Placeable/Mesh/SM_ArrowHead.uexp" 1075
"../../../Engine/Content/BasicShapes/BasicShapeMaterial.uasset" 1076
"../../../Engine/Content/BasicShapes/BasicShapeMaterial.uexp" 1077
"C:/Users/Bindo/Desktop/C++/AR_Marine_New/Content/ProductAssets/Materials/M_Plastic.uasset" 1078
"C:/Users/Bindo/Desktop/C++/AR_Marine_New/Content/ProductAssets/Materials/M_Plastic.uexp" 1079
"C:/Users/Bindo/Desktop/C++/AR_Marine_New/Content/ProductAssets/Mesh/SM_Manequin.ubulk" 1080
"C:/Users/Bindo/Desktop/C++/AR_Marine_New/Content/ProductAssets/Mesh/SM_Manequin.uasset" 1081
"C:/Users/Bindo/Desktop/C++/AR_Marine_New/Content/ProductAssets/Mesh/SM_Manequin.uexp" 1082
"C:/Users/Bindo/Desktop/C++/AR_Marine_New/Content/ProductAssets/BP_ProductAssetRef.uasset" 1083
"C:/Users/Bindo/Desktop/C++/AR_Marine_New/Content/ProductAssets/BP_ProductAssetRef.uexp" 1084
"C:/Users/Bindo/Desktop/C++/AR_Marine_New/Content/HandheldAR/Blueprints/UI/Icons/T_Icon_Move.uasset" 1085
"C:/Users/Bindo/Desktop/C++/AR_Marine_New/Content/HandheldAR/Blueprints/UI/Icons/T_Icon_Move.uexp" 1086
"C:/Users/Bindo/Desktop/C++/AR_Marine_New/Content/HandheldAR/Blueprints/Placeable/Textures/T_Shadow.uasset" 1087
"C:/Users/Bindo/Desktop/C++/AR_Marine_New/Content/HandheldAR/Blueprints/Placeable/Textures/T_Shadow.uexp" 1088
"C:/Users/Bindo/Desktop/C++/AR_Marine_New/Content/HandheldAR/Blueprints/Placeable/Materials/M_Shadow.uasset" 1089
"C:/Users/Bindo/Desktop/C++/AR_Marine_New/Content/HandheldAR/Blueprints/Placeable/Materials/M_Shadow.uexp" 1090
"C:/Users/Bindo/Desktop/C++/AR_Marine_New/Content/Hose_Model/TANK_END_FLAP.ubulk" 1091
"C:/Users/Bindo/Desktop/C++/AR_Marine_New/Content/Hose_Model/TANK_END_FLAP.uasset" 1092
"C:/Users/Bindo/Desktop/C++/AR_Marine_New/Content/Hose_Model/TANK_END_FLAP.uexp" 1093
"C:/Users/Bindo/Desktop/C++/AR_Marine_New/Content/HandheldAR/Blueprints/UI/BP_OptionMenu.uasset" 1094
"C:/Users/Bindo/Desktop/C++/AR_Marine_New/Content/HandheldAR/Blueprints/UI/BP_OptionMenu.uexp" 1095
"C:/Users/Bindo/Desktop/C++/AR_Marine_New/Content/HandheldAR/Blueprints/UI/Icons/T_Shape_Loading.uasset" 1096
"C:/Users/Bindo/Desktop/C++/AR_Marine_New/Content/HandheldAR/Blueprints/UI/Icons/T_Shape_Loading.uexp" 1097
"C:/Users/Bindo/Desktop/C++/AR_Marine_New/Content/HandheldAR/Blueprints/UI/Materials/M_ButtonRotatingUI.uasset" 1098
"C:/Users/Bindo/Desktop/C++/AR_Marine_New/Content/HandheldAR/Blueprints/UI/Materials/M_ButtonRotatingUI.uexp" 1099
"C:/Users/Bindo/Desktop/C++/AR_Marine_New/Content/HandheldAR/Blueprints/UI/Icons/T_Shape_Circle.uasset" 1100
"C:/Users/Bindo/Desktop/C++/AR_Marine_New/Content/HandheldAR/Blueprints/UI/Icons/T_Shape_Circle.uexp" 1101
"C:/Users/Bindo/Desktop/C++/AR_Marine_New/Content/HandheldAR/Blueprints/UI/BP_StartMenu.uasset" 1102
"C:/Users/Bindo/Desktop/C++/AR_Marine_New/Content/HandheldAR/Blueprints/UI/BP_StartMenu.uexp" 1103
"C:/Users/Bindo/Desktop/C++/AR_Marine_New/Content/HandheldAR/Blueprints/UI/Materials/M_CircularMask.uasset" 1104
"C:/Users/Bindo/Desktop/C++/AR_Marine_New/Content/HandheldAR/Blueprints/UI/Materials/M_CircularMask.uexp" 1105
"C:/Users/Bindo/Desktop/C++/AR_Marine_New/Content/HandheldAR/Blueprints/UI/Icons/T_Icon_Shot_01.ubulk" 1106
"C:/Users/Bindo/Desktop/C++/AR_Marine_New/Content/HandheldAR/Blueprints/UI/Icons/T_Icon_Shot_01.uasset" 1107
"C:/Users/Bindo/Desktop/C++/AR_Marine_New/Content/HandheldAR/Blueprints/UI/Icons/T_Icon_Shot_01.uexp" 1108
"C:/Users/Bindo/Desktop/C++/AR_Marine_New/Content/HandheldAR/D_ARSessionConfig.uasset" 1109
"C:/Users/Bindo/Desktop/C++/AR_Marine_New/Content/HandheldAR/D_ARSessionConfig.uexp" 1110
"C:/Users/Bindo/Desktop/C++/AR_Marine_New/Content/HandheldAR/Blueprints/UI/Icons/T_Icon_Pinch.uasset" 1111
"C:/Users/Bindo/Desktop/C++/AR_Marine_New/Content/HandheldAR/Blueprints/UI/Icons/T_Icon_Pinch.uexp" 1112
"C:/Users/Bindo/Desktop/C++/AR_Marine_New/Content/HandheldAR/Blueprints/UI/Icons/T_Icon_Grab.uasset" 1113
"C:/Users/Bindo/Desktop/C++/AR_Marine_New/Content/HandheldAR/Blueprints/UI/Icons/T_Icon_Grab.uexp" 1114
"C:/Users/Bindo/Desktop/C++/AR_Marine_New/Content/HandheldAR/Blueprints/UI/Icons/T_Icon_Swipe.uasset" 1115
"C:/Users/Bindo/Desktop/C++/AR_Marine_New/Content/HandheldAR/Blueprints/UI/Icons/T_Icon_Swipe.uexp" 1116
"C:/Users/Bindo/Desktop/C++/AR_Marine_New/Content/HandheldAR/Blueprints/UI/BP_InfoMenu.uasset" 1117
"C:/Users/Bindo/Desktop/C++/AR_Marine_New/Content/HandheldAR/Blueprints/UI/BP_InfoMenu.uexp" 1118
"C:/Users/Bindo/Desktop/C++/AR_Marine_New/Content/HandheldAR/Blueprints/UI/BP_MainMenu.uasset" 1119
"C:/Users/Bindo/Desktop/C++/AR_Marine_New/Content/HandheldAR/Blueprints/UI/BP_MainMenu.uexp" 1120
"C:/Users/Bindo/Desktop/C++/AR_Marine_New/Content/HandheldAR/Blueprints/Placeable/BP_InteractionHUD.uasset" 1121
"C:/Users/Bindo/Desktop/C++/AR_Marine_New/Content/HandheldAR/Blueprints/Placeable/BP_InteractionHUD.uexp" 1122
"C:/Users/Bindo/Desktop/C++/AR_Marine_New/Content/Hose_Model/lambert1.uasset" 1123
"C:/Users/Bindo/Desktop/C++/AR_Marine_New/Content/Hose_Model/lambert1.uexp" 1124
"C:/Users/Bindo/Desktop/C++/AR_Marine_New/Content/Hose_Model/HOSE_UNIT__PRODUCT.ubulk" 1125
"C:/Users/Bindo/Desktop/C++/AR_Marine_New/Content/Hose_Model/HOSE_UNIT__PRODUCT.uasset" 1126
"C:/Users/Bindo/Desktop/C++/AR_Marine_New/Content/Hose_Model/HOSE_UNIT__PRODUCT.uexp" 1127
"C:/Users/Bindo/Desktop/C++/AR_Marine_New/Content/HoseModel.uasset" 1128
"C:/Users/Bindo/Desktop/C++/AR_Marine_New/Content/HoseModel.uexp" 1129
"C:/Users/Bindo/Desktop/C++/AR_Marine_New/Content/HandheldAR/Blueprints/Placeable/Textures/T_Square.ubulk" 1130
"C:/Users/Bindo/Desktop/C++/AR_Marine_New/Content/HandheldAR/Blueprints/Placeable/Textures/T_Square.uasset" 1131
"C:/Users/Bindo/Desktop/C++/AR_Marine_New/Content/HandheldAR/Blueprints/Placeable/Textures/T_Square.uexp" 1132
"C:/Users/Bindo/Desktop/C++/AR_Marine_New/Content/HandheldAR/Blueprints/Placeable/BP_Placeable.uasset" 1133
"C:/Users/Bindo/Desktop/C++/AR_Marine_New/Content/HandheldAR/Blueprints/Placeable/BP_Placeable.uexp" 1134
"C:/Users/Bindo/Desktop/C++/AR_Marine_New/Content/HandheldAR/Blueprints/GameFramework/BP_ARPawn.uasset" 1135
"C:/Users/Bindo/Desktop/C++/AR_Marine_New/Content/HandheldAR/Blueprints/GameFramework/BP_ARPawn.uexp" 1136
"C:/Users/Bindo/Desktop/C++/AR_Marine_New/Content/HandheldAR/Blueprints/GameFramework/BP_ARGameMode.uasset" 1137
"C:/Users/Bindo/Desktop/C++/AR_Marine_New/Content/HandheldAR/Blueprints/GameFramework/BP_ARGameMode.uexp" 1138
"../../../Engine/Content/MapTemplates/Sky/DaylightAmbientCubemap.uasset" 1139
"../../../Engine/Content/MapTemplates/Sky/DaylightAmbientCubemap.uexp" 1140
"C:/Users/Bindo/Desktop/C++/AR_Marine_New/Content/AnimateHose.uasset" 1141
"C:/Users/Bindo/Desktop/C++/AR_Marine_New/Content/AnimateHose.uexp" 1142
"C:/Users/Bindo/Desktop/C++/AR_Marine_New/Content/HandheldAR/Maps/HandheldARBlankMap.uexp" 1143
"C:/Users/Bindo/Desktop/C++/AR_Marine_New/Content/HandheldAR/Maps/HandheldARBlankMap.umap" 1144
"../../../Engine/Content/Maps/Entry_BuiltData.uasset" 1145
"../../../Engine/Content/Maps/Entry_BuiltData.uexp" 1146
"../../../Engine/Content/Maps/Entry.uexp" 1147
"../../../Engine/Content/Maps/Entry.umap" 1148
